description
"Job Summary24X7 Careers is hiring for java developer fresher's [B.Tech/ B.E / MCA / MSc / BSc ( computers )] or equivalent. Experience (Preferable): 0 - 6 months ( Freshers ) Essential Requirements (Skills): Knowledge on Core Java, JSP, Servlets, AJAX, JavaScript, Struts, JSF, Design Patterns, Spring MVC framework, Hibernate.We have urgent openings for the following positions.For More Details, Contact HR: - 9030200994,9030200991,Responsibilities and DutiesDefines site objectives by analyzing user requirements; envisioning system features and functionality.Designs and develops user interfaces to internet/intranet applications by setting expectations and features priorities throughout development life cycle; determining design methodologies and tool sets; completing programming using languages and software products; designing and conducting tests.Integrates applications by designing database architecture and server scripting; studying and establishing connectivity with network systems, search engines, and information servers.Creates multimedia applications by using authoring tools.Completes applications development by coordinating requirements, schedules, and activities; contributing to team meetings; troubleshooting development and production problems across multiple environments and operating platforms.Supports users by developing documentation and assistance tools.Key SkillsJava, Java Applets, Web Programming Skills, Teamwork, Verbal Communication, Web User Interface Design, Software Requirements, Software Development Process, Object-Oriented Design (OOD), Multimedia Content Development, Software DebuggingRequired Experience and QualificationsFresher and experience also can apply for this job.BenefitsESI,PF,Rotational shiftsJob Type: Full-timeSalary: ₹13,000.00 to ₹15,000.00 /monthExperience:Programming: 1 year (Preferred)work: 1 year (Preferred)total work: 1 year (Preferred)Education:Secondary(10th Pass) (Preferred)Benefits:Provident fund (PF)Health insuranceShift allowanceIndustry:Software Development"
"Job SummaryWe are looking out for a Java Developer who will be fully responsible for the maintenance & enhancement of our current applications and development of future workResponsibilities and DutiesJava DeveloperKey SkillsjavaRequired Experience and QualificationsBE/BCA/BA/BCS/MCA/MCS/MEJob Types: Part-time, InternshipExperience:total work: 1 year (Preferred)JSP: 1 year (Preferred)java: 1 year (Preferred)Education:Bachelor's (Preferred)Licence:Java SE 7 Programmer (Preferred)Agile Experience Needed:NoIndustry:Software Development"
"Job SummaryDear Candidate,We have an urgent opening for Java Developer role.Below are the details:Primary Skill Set:1. Core Java2. Advanced Java3. J2ee4. JSP5. ServletJob Location: MumbaiExperience: 1-3 YrsInterested candidates can share resume on mentioned email id.Thanks & RegardsTanvi ThakkarJob Type: Full-timeExperience:core java, Advanced Java: 1 year (Required)JSP, Servlet: 1 year (Required)Education:Bachelor's (Required)Benefits:Provident fund (PF)Paid leaves / Leave encashmentHealth insuranceFlexible work hoursIndustry:Software Development"
"Job SummaryWork Location:  Khar West Linking RoadInterview Mode Skype Followed by In-personProficient in Java, with a good knowledge of its ecosystemsSolid understanding of object-oriented programmingSkill for writing reusable Java librariesFamiliarity with concepts of SpringMVCFamiliarity with build tools such as Ant, Maven, and GradlePreferred skills(Plus): Angular5, Spring Boot, Spring BatchImportant web UI side technical skills: Angular5, Bootstrap, JQuery, HTML/CSS, Ajax, JSON, Java script.Important server side technical skills: Strong Spring MVC, Spring Boot andSpring Batch Framework, Java/J2EE, SQLJob Type: Full-timeSalary: ₹30,000.00 to ₹50,000.00 /monthExperience:software development: 3 years (Preferred)total work: 3 years (Preferred)JSP: 3 years (Preferred)Education:Bachelor's (Preferred)Licence:Java SE 7 Programmer (Preferred)Industry:Software Development"
"Roles & Responsibilities :
Write maintainable/scalable/efficient code.
Design and architect technical solutions for the business problems .
Work in cross-functional team, collaborating with peers during entire SDLC.
Follow coding standards, unit-testing, code reviews etc.
Follow release cycles and commitment to deadlines.
Requirement :
Experience level of 1 to 3 years of experience in very large scale applications.
Strong problem solving skills, data structures and algorithms.
Experience with distributed systems handling large amount of data.
Excellent coding skills in Java/J2EE.
Very good understanding of Web Technologies.
Very good understanding of any RDBMS and/or messaging.
Experience
1 - 3 years
Salary
1 - 6 Lac(s)
Location
Noida"
"Job SummaryUrgently looking for Full Stack Java Developer having 1-2 years of experience in Java web apps development using Spring, Hibernate etc.Position: Java DeveloperJob Type: Full TimeLocation : PuneResponsibilities and DutiesDevelop Java Applications as per customer requirementsDevelop technical designs for application developmentDesign, implement and maintain Java application phasesConduct software analysis, programming, testing and debuggingIdentifying production and non-production application issuesTransforming requirements into stipulationsTo take part in software and architectural development activitiesGood communication skills, both written and verbalMicro-Service Development Spring Boot, Spring RestfulKey SkillsSkills Required- Advanced Java, Core Java, Spring, Hibernate JDBC, J2EE , JavaScript, AJAX, JQuery , Angular JS, Node JS, REST APIsRequired Experience and QualificationsQualification required - BE/B.Tech/BCA/B.Sc/ME/M.Tech/MCA (Computer Science, IT, Computer Engineering)Experience required- 1-2 yearsJob Type: Full-timeExperience:total work: 1 year (Required)java: 1 year (Required)Education:Bachelor's (Required)"
"Job SummaryJob Title: Java J2EE - Full stack developerJob Location: MumbaiJob Description:Micro services JD:Primary skills:Core JavaSpring framework, Spring boot applicationHands on experience with REST API development, JSON / XML handlingExposure to cloud (Pivotal cloud, AWS, Google or any other cloud technologies)Exposure to Kafka or other message oriented solution experienceSecondary skills:Exposure to Big data technologies (Cassandra, Hadoop, MongoDB etc)Strong understanding on CI/CD development practicesExperience with cucumber or any similar test automation frameworkExposure to APM methodologiesExposure to API gateway such as ApigeeJob Type: Full-timeSalary: ₹900,000.00 to ₹1,400,000.00 /yearExperience:Java: 1 year (Preferred)Industry:Banking & Finance"
"Looking for talented engineers to join its Core Platform team. You will have the opportunity to create significant impact on our systems, our business and most importantly, on our customers as we take on challenges that can reshape the used car industry.

Responsibilities:
Building scalable, highly available, resilient, extendable, secured architecture to provide a significant boost to the business
Writing high quality code to achieve business goals.
Working with various cross-functional teams to understand their needs, offering them solutions and setting and managing their expectations
Ensuring timely & high quality delivery
Following up best practices for development and championing their adoption as per company defined standards
Developing with scale and speed amidst flux, there is just a LOT happening
Up-to-date with emerging technology trends and ability to choose the best

Requirements:
An engineering degree in CS from a reputed institution
Strong foundation in Data Structures/ Algorithms and their pros and cons
Deep understanding of technologies and architecture for a scalable and highly available set-up
Ability to learn new technologies quickly
Experienced in Java/Golang and related Technologies like Spring/Hibernate/
Experience working in web applications
Strong networking and Operating Systems fundamentals
Understanding of distributed systems
Experienced in Streaming technologies like Kafka
Experience working with SQL and NoSQL Databases
Not afraid of refactoring existing system in different technology
Experienced in developing the long-term tech strategy for analytics and translate that into an achievable roadmap
Strong in open source technologies, agile development
Ability to deliver projects on time with high quality
Very good experience in SQL
Knowledge of indexing technologies like Elastic Search"
"BE/ ME in Computer Science • 0 to 2 years of experience in Computer engineering • Good academic record • Good communication skills • Sound knowledge of C, C++,JAVA • Basic knowledge of hardware-software integration • Able to make a test plan • Willing to work in a start-up culture
Send us your resume on: careers@linkedloops.com"
"Candidate must have practical knowledge of these technologies:Programming Skills: Spring Java, Hibernate and PostGreSQL Development , SVN Version Control, HTML 5 and Bootstrap UI DevelopmentJob Profile: Software Development and Maintenance in HTML5, Bootstrap, Spring Java, Hibernate and PostgreSQL. Version control using SVNExperience: 1 to 3 yearsEducational Qualification: BE/ MCAJob Type: Full-timeSalary: ₹20,000.00 to ₹40,000.00 /monthExperience:Spring Framework: 1 year (Required)Java: 1 year (Required)Education:Bachelor's (Required)Location:Pune, Maharashtra (Required)Language:English (Required)"
"Job SummaryYalamanchili is seeking to hire a skilled Java Developers who are proficient with coding in Java. Their primary responsibilities include designing and implementing java applications, developing and testing software and resolving technical issues that arise.Responsibilities and DutiesDevelop code using JAVA Language.Refine the code based on the specification and the technical needs.Developing and integrating the system as a whole.Implement optimized and high quality modules.Support the team in maintaining code quality.Required Experience, Skills and QualificationsA UG graduate with Computer science background is preferred.0-1 years of Experience can be considered.Good in communication & attitude.Self-motivated smart worker.Good self - learning skills.Should have knowledge in HTML-CSS, Bootstrap.Certification in JAVA, JS-CS, and Core JAVA will be an added advantage.Job Type: Full-timeSalary: ₹9,500.00 to ₹10,000.00 /yearEducation:Bachelor's (Preferred)Licence:Java (Preferred)Benefits:Provident fund (PF)Industry:Banking & Finance"
"Job SummaryDreamwares is urgently hiring Java Developer ( freshers and experienced )Job Location: NashikFlexible timingSalary no bar for right candidateFirst round will be a written coding test followed by personal interviewJob Type: Full-timeSalary: ₹15,000.00 to ₹60,000.00 /monthEducation:Bachelor's (Preferred)Industry:Software Development"
"Responsibilities and DutiesRole: Software Engineer & Senior Software Engineer (Java, Oracle, PHP, Perl Developers)Experience: 3-8 YearsSalary Range: 5-15 LPAOpen Positions – MultipleExperience with software design and product development in a test-driven environmentGood technical background & hands on experience in full stack development application development using Java, Advanced Java, Oracle, PHP, Perl, Oracle (SQL & PL/SQL) and possessing strong OOP knowledgeAbility to identify areas for modification in existing modules, developing modifications, writing and implementing efficient code, Peer reviews & ensuring high Quality at all timesRecommend improvements to existing software modules as necessary, work closely with other development teams, UX designers, Scrum Masters and Product Owners on a daily basis to measure & optimise delivery cyclesClearly and regularly communicate with management and technical support colleagues on challenges, best practices & areas of improvementsJob Type: Full-timeSalary: ₹500,000.00 to ₹1,500,000.00 /yearEducation:Bachelor's (Preferred)"
"Job SummaryWe are looking to hire software graduates (2018/2019 pass out only) to join our iOS, Android or web team.Responsibilities and Duties· Responsible for developing new mobile and tablet based applications using Android SDK(using Eclipse/Android Studio), iOS SDK (using Xcode) or Web Developer for supporting and enhancing existing mobile related projects and products.· Will also take part in requirement analysis, will help drive design, formulation of architecture, implementation, system integration, testing, documentation and deployment of mobile applications/systems and product.· Will be well-versed in mobile SDLC and in building high-performance and secure applications.Required skills:Interview Process1. Aptitude Test (MCQ and Programming Questions)2. Technical Interview3. Coding Round (Machine Test)4. HR and Technical RoundPLEASE NOTE: IF YOU HAVE ALREADY APPLIED ANYTIME BEFORE FOR INTERVIEW, PLEASE DO NOT REAPPLY.Qualifications and SkillsCandidates applying for the job SHOULD HAVE the knowledge of below mentioned skills.· Java· Oops concept· Database· Networking· C, C++· HTMLGood to have Skills:· Strong object oriented design and analytical skills.· Should have strong understanding of computer science fundamentals· Comfortable with algorithms, data schemas, resource management and fundamentals of software design· Passionate about mobile applications, technology & keeps updated with latest trends, developments in the industry· An adaptive planner who works well independently as well as in team.· Good interpersonal, written and verbal communications skills· An appreciation for pragmatism and simplicity in code· A strong product and design sensibility.Job Type: Full-timeSalary: ₹16,000.00 to ₹20,000.00 /monthEducation:Bachelor's (Required)Benefits:Paid leaves / Leave encashmentTravel allowanceFlexible work hoursIndustry:Software Development"
"Job SummaryAether is looking for young dynamic computer engineers with below attributes / skillsets:‘Can do’ attitudeQuick learnerExcellent logicTechnical skills: Core and Advance Java, JavaScript, RDBMS. Added advantage with: Spring framework, Angular or React, Android developmentExperience: 2 to 5 yearsPreferred qualification: Engineering graduate or aboveResponsibilities and DutiesYou will be placed in a high profile Banking and Finance Domain trajectory for exponential growth that too in Product arena. You will get to work with renowned International Banking and Finance Domain experts.Key SkillsJava, Java script, jquery, angular androidRequired Experience and QualificationsSoftware Engineer with minimum of 1 year expJob Type: Full-timeSalary: ₹12,000.00 to ₹30,000.00 /monthExperience:total work: 1 year (Preferred)JSP: 1 year (Preferred)java: 1 year (Preferred)Education:Master's (Preferred)Licence:Java SE 7 Programmer (Preferred)Benefits:Paid leaves / Leave encashmentIndustry:Software Development"
"HP is the world’s leading personal systems and printing company, we create technology that makes life better for everyone, everywhere. Our innovation springs from a team of individuals, each collaborating and contributing their own perspectives, knowledge, and experience to advance the way the world works and lives.
We are looking for visionaries, like you, who are ready to make a purposeful impact on the way the world works.
At HP, the future is yours to create!
If you are our Java Developer in India, you will have a chance to
Are you a high-performer? We are looking for an individual with:
Writing maintainable and scalable code
Helping us with our big technical decisions
Picking up a project and running with it
Designing and implementing new features in a highly scalable and maintainable manner
Writing code that runs in the cloud (AWS: EC2, SNS,SQS,Kinesis, Lambda, EMR, DataBricks etc)
Developing data models
Java 8, Spring-boot
Experience in writing complex queries in SQL.
Attributes
Proactive communicator, documents clearly and succinctly
Passionate, intelligent, critical thinker, problem solver, highly persuasive
Detail-oriented, thoughtful, respectful – a team player
Education Qualification and Skills
A Bachelor’s Degree or higher in Information Systems, Computer Science, or related field (or equivalent experience)
Experience – 2 to 4 Years in Industry
2+ years of experience in building scalable applications/analytics services is required
Worked on complex SaaS applications in a service oriented architecture
Strong knowledge of SQL
Complete understanding of and rigorous approach to testing (TDD or BDD), continuous integration
Must know how to effectively manage your time and reliably ship
Strong problem solving skills, attention to detail
Experience in quick delivery of business value through release management and agile methodologies, preferably experience with SCRUM
A highly collaborative personality and excellent written and verbal communication skills, comfortable with all levels of management

Experience and Skills That Are Nice to Have
Scrum/Agile methodology working group experience
Experience with distributed computing, from design, implementation and supporting in production
Java 8 features (streams, lambdas, fluent-style programming, etc.)
Experience with relational (SQL) and non-relational (NoSQL) database technologies
Experience with software engineering best practices, design patterns and anti-patterns"
"Job SummaryJob Location:  NagpurCompany Description: TISSA Technology is one of the leading providers of Information Technology services and IT-business Solutions. Our vision is to achieve global IT services & become one of the well-known giant in the field by providing value-added high-quality IT Solutions to our clients in selected horizontal and vertical segments, by combining technology skills, domain expertise, process focus and a commitment to long-term client relationships.Team Size:  15 - 20URL:  https://tissatech.com/Requirements: Working experience in Java/J2EE/Spring FrameworkShould work on Webservices Rest/SoapShould worked on HTML/JSP + JavaScript + jQuery + AjaxShould worked on Database queries/ procedures writingMust know the Sever ConfigurationsShould worked on Application DeploymentsShould worked on Encryption techniques/Jersey APIHaving exposure to Cloud platform- AWSGood understanding of web containers like Tomcat/JbossPrior knowledge of Bitcoin, Blockchain, Cryptocurrency a nice to haveResponsibilities and Duties: Design, implement and maintain java application phasesTo take part in software and architectural development activitiesConduct software analysis, programming, testing and debuggingIdentifying production and non-production application issuesTransforming requirements into stipulationsDevelop, test, implement and maintain application softwareRecommend changes to improve established java application processesDevelop technical designs for application developmentDevelop application code for java programsSkills and Qualifications: Software Design, Design Pattern with Collection Framework, Java, Spring Framework, Multithreading, Java Beans, Java Servlets, JavaScript, Web Programming Skills, Project Management, Strong knowledge in Coding and ProgrammingJob Type: Full-timeIndustry:Software Development"
Looking for an experienced Java Developer in Bangalore Job Details * Writes high quality code according to specifications * Supports and validates integration production release activities * Escalate issues and communicate status of deliverables to key stakeholders * Provide impact assessments as required for workable and efficient technical solution to meet business needs * Collaborate with other project teams to improve process tools quality metrics and methodology * Shall develop complex code and scripts for the eligibility Solutions Job Requirements * Bachelor ’ s Degree in Computer Science * Three years experience in same field * Good communication and interpersonal skills * Strong debugging problem-solving and analytical skills
"Job SummaryWe are looking for a qualified developer to join our tech team. You will be responsible for building enterprise application using java stackRequirementsBachelor's Degree in Computer Science or equivalentProficiency in developing objected-oriented software, with deep experience in JavaKnowledge of data structures & algorithmsCritical thinking and problem-solving skillsSkillsGood understanding of OOP concept and Design patternBasic understanding of Thread programmingKnowledge on frameworks like Spring is a bonusRequired Experience and QualificationsRequirementsBachelor's Degree in Computer Science or equivalentProficiency in developing objected-oriented software, with deep experience in JavaKnowledge of data structures & algorithmsCritical thinking and problem-solving skillsSkillsGood understanding of OOP concept and Design patternBasic understanding of Thread programmingKnowledge on frameworks like Spring is a bonusBenefitsOther perks: Training,Certificate, Letter of Recommendation, Job offer, 5 days work week.Job Type: InternshipSalary: ₹0.00 to ₹8,000.00 /monthEducation:Bachelor's (Preferred)Industry:Software Development"
"Candidate must have practical knowledge of these technologies:Programming Skills: Spring Java, Hibernate and PostGreSQL Development , SVN Version Control, HTML 5 and Bootstrap UI DevelopmentJob Profile: Software Development and Maintenance in HTML5, Bootstrap, Spring Java, Hibernate and PostgreSQL. Version control using SVNExperience: 1 to 3 yearsEducational Qualification: BE/ MCAJob Type: Full-timeSalary: ₹20,000.00 to ₹40,000.00 /monthExperience:Spring Framework: 1 year (Required)Java: 1 year (Required)Education:Bachelor's (Required)Location:Pune, Maharashtra (Required)Language:English (Required)"
"Job SummaryDesign,development and implementation of web based enterprise applications. Analyzes project specifications.Responsibilities and Dutiesdesigns logic, writes code, tests, debugs and documents software.Required Experience, Skills and Qualifications0-1 years experience.Required Skills: Java Script, Core Java.Benefits3 to 6 months of corporate training along with the live projects.Job Type: Full-timeSalary: ₹200,000.00 to ₹240,000.00 /yearExperience:total work: 1 year (Preferred)JSP: 1 year (Preferred)java: 1 year (Preferred)Education:Bachelor's (Preferred)Licence:Java SE 7 Programmer (Preferred)Industry:IT Operations & Helpdesk"
"Criteria: B.E. or MCA with min 55% aggregate.
Experience: 2-4 years of web development experience.
Salary: 4 to 6 LPA
Joining: Immediate or 15 days

Purpose: We are looking for a Core Java Developer

Roles & Responsibilities:
Proficient in Java, with a good knowledge of its ecosystems.Knowledge of concurrency patterns in Java.Experience using and developing plug-in for Eclipse or IntelliJ IDEA.Must having experience with JavaFX application development.Experience with Swing.Knack for writing clean, readable Java code.Understanding fundamental design principles behind a scalable application.Implementing automated testing platforms and unit tests.Proficient understanding of code versioning tools, such as Git.Ability to work in a demanding, rapid iterative development environment.Good knowledge and design experience integrating with secure backend APIs."
"Job SummaryLogical skills and Problem solving skill.Basic Technical knowledge (Core JAVA).Should be able to grasp programming / testing fundamentals and start simple coding testing at the unit level.Follow project guidelines and standards.Create requirements, design documentation and test plans for above, adhering to standard templates provided by the organization.Write clean, maintainable, efficient code that confirms to software development standards.Key Skillscoding, Java, Software Development, problem solving, Basic, ProgrammingRequired Experience and QualificationsFreshers are required.UG: - B.Tech/B.E. - Any Specialization, ComputersPG: - M.Tech - Computers, Any Specialization, MCA - ComputersJob Type: Full-timeSalary: ₹25,000.00 /monthExperience:.Net: 1 year (Preferred)total work: 1 year (Preferred)Java: 1 year (Preferred)c#: 1 year (Preferred)Education:Bachelor's (Required)Industry:Software Development"
"Required Education, Skills and Qualifications**CoreJava,JAVA, Spring , Rest API.Mandatory - Core JAVA,Spring, Hibernate, Servelets, Web services, Restfull,OOPS Concepts, Multithreading, Hibernate.Spring IOC, MVC/ DI, AOP, Spring Integration, JDBC Template (DML operation, procedure call returning multiple record and cursor handling etc.)Spring Boot/ Micro services/ Java Design Patterns/Agile and CI/CD tools knowledge.Job Type: ContractSalary: ₹50,000.00 to ₹70,000.00 /monthExperience:Java: 2 years (Preferred)"
"Java Developer (Assistant VP) - 90246950
Primary Location:IN-Maharashtra-Pune
Job Type:Permanent/Regular
Posting Range:1 Nov 2019 - 15 Nov 2019
Description

Job Title: Java Developer (Assistant VP)
Location: Pune
We are looking for an experienced DevOps Lead to join our qualified and diverse development team. The chosen candidate will work with our global development team and other stakeholders to standardize and develop CI/CD pipeline for our various projects under central compliance umbrella.
The candidate will be responsible for leading DevOps initiatives that will lead to creation of robust and reliable CI/CD pipeline.
The role will require interacting with global technology partners from project space, peers from other projects and colleagues from Developer Experience and GTIS. The candidate will own the strategy to standardize and automate code deployment across various environments.
The candidate will also train and mentor other junior engineers within the team.
The candidate will also drive best practises for end-to-end deployment automation via team city, Nolio, chef and related technologies.
Along with DevOps responsibilities, the candidate should be able to contribute to project deliverables as a Java developer creating quality code as per Barclay’s standards.
What will you be doing?
Analyse, understand requirements from key stakeholders, and perform required development activities.
Prepare the deployment automation plan and track progress
Raise any potential blockers to the scrum master/agile team lead and come up with a mitigation plan
Capture automation requirements in JIRA and assist the scrum master in sprint prioritization and retrospectives.
Update the CI/CD pipeline for new components added and ensure automated deployment is done for every release
Communicate with key stakeholders about timelines, impact for any committed delivery.
Investigate and analyse user queries in EMA and APAC hours.
Coordinate SIT and UAT cycles
Work with Dev Lead to deliver key technology requirements using Java and other related technologies
What we’re looking for:
Bachelors/Master’s Degree
Relevant overall IT experience in DevOps space and as a Java Developer
Hands on experience in Team city and Nolio configuration
Exceptionally strong with scripting languages like Unix, Perl and Python
Proven experience of deploying diverse components across varied technology estate on Linux and Windows platforms
Prior experience of integrating third party tools (like Actimize) with DevOps pipeline using Team City/Nolio
Experience on API testing tools like Postman/Rest Assured
Should have good understanding of Database design with ability to write complex Sql queries
Excellent knowledge on core java and API development
Exposure to monitoring tools like App Dynamics
Skills that will help you in the role:
Knowledge of the Compliance / Financial Crime domain will be a strong advantage.
Data analytical skills with ability to identify data gaps
Experience with Agile methodologies.
Ability to identify issues and risks with projects which may impact delivery timelines; and cognizance to escalate issues with vendors/management as required.
Extremely organized, excellent oral and written communication skills, particularly in documenting system architectures and workflows.
Highly self-motivated with a confident do the right thing attitude.
Excellent attention to detail, self-starter with demonstrable initiative.
Team player, co-operative, and able to work in a large team across multiple locations and time zones.
Where will you be working?
PuneBarclays recently announced the creation of a new world-class campus at Gera Commerzone located in Kharadi. All Pune based roles will eventually start to move to this new campus starting September 2019. In the run up to that, during the course of 2018, there may be transitory movements of some roles to other temporary sites. Please speak with your recruiter about the specific location plans for your role.

Be More at Barclays
At Barclays, each day is about being more – as a professional, and as a person. ‘Be More @ Barclays’ represents our core promise to all current and future employees. It’s the characteristic that we want to be associated with as an employer, and at the heart of every employee experience. We empower our colleagues to Be More Globally Connected, working on international projects that improve the way millions of customers handle their finances. Be More Inspired by working alongside the most talented people in the industry, and delivering imaginative new solutions that are redefining the future of finance. Be More Impactful by having the opportunity to work on cutting-edge projects, and Be More Valued for who you are.
Interested and want to know more about Barclays? Visit home.barclays/who-we-are/ for more details.

Our Values
Everything we do is shaped by the five values of Respect, Integrity, Service, Excellence and Stewardship. Our values inform the foundations of our relationships with customers and clients, but they also shape how we measure and reward the performance of our colleagues. Simply put, success is not just about what you achieve, but about how you achieve it.

Our Diversity
We aim to foster a culture where individuals of all backgrounds feel confident in bringing their whole selves to work, feel included and their talents are nurtured, empowering them to contribute fully to our vision and goals.

Our Benefits
Our customers are unique. The same goes for our colleagues. That's why at Barclays we offer a range of benefits, allowing every colleague to choose the best options for their personal circumstances. These include a competitive salary and pension, health care and all the tools, technology and support to help you become the very best you can be. We are proud of our dynamic working options for colleagues. If you have a need for flexibility, then please discuss this with us."
"If you’re a smartphone user then you are part of an ever more connected and digital world. At Amdocs, we are leading the digital revolution into the future. From virtualized telecommunications networks, Big Data and Internet of Things to mobile financial services, billing and operational support systems, we are continually evolving our business to help you become more connected. We make sure that when you watch a video on YouTube, message friends on SnapChat or send your images on Instagram, you get a great service anytime, anywhere, and on any device. We are at the heart of the telecommunications industry working with giants such as AT&T, Vodafone, Telstra and Telefonica, helping them create an amazing new world for you where technology is being used in amazing new ways every single day.
In one sentence
Responsible for design, develop, modify, debug and/or maintain software systems.
Responsible for one or more specific modules within a large software system scope
What will your job look like?
You will design, develop, modify, debug and/or maintain software code according to functional, non-functional and technical design specifications.
You will follow Amdocs software engineering standards, applicable software development methodology and release processes, to ensure code is maintainable, scalable , supportable and demo the software products to stakeholders
You will investigate issues by reviewing/debugging code, provides fixes and workarounds, and reviews changes for operability to maintain existing software solutions.
You will work within a team, collaborate and add value through participation in peer code reviews, provide comments and suggestions, work with cross functional teams to achieve goals.
You will assume technical accountability for your specific work products within an application and provide technical support during solution design for new requirements.
You will be encourage to actively look for innovation and continuous improvement, efficiency in all assigned tasks.
All you need is...
Bachelor's degree in Science/IT/Computing or equivalent
2-3 years of experience in writing software code in at least one programming language
2-3 years of knowledge in Unix/Linux
Good knowledge in Object Oriented Design and development
Why you will love this job:
You will be challenged with design and develop new software applications
You will have the opportunity to work in a growing organization, with ever growing opportunities for personal growth
You will have the opportunity to work with the industry most advanced technologies"
"Job SummaryGreetings!!Urgent Hiring for Java Developer.Location- Nagpur.Qualification- GraduateSalary- Upto 20k (Negotiable for Right Candidate)Experience- 1 to 3 Year.Skill: Core and Advance Java ,JSP, Spring MVC, J Query, HTML , CSS, JAVA Script, Bootstrap**Interested Candidate share CV****RegardsFalendra**Job Type: Full-timeSalary: ₹15,000.00 to ₹20,000.00 /monthEducation:Bachelor's (Preferred)Responsibilities and Duties.Required Experience, Skills and Qualifications.Benefits.Job Type: Full-timeExperience:spring: 1 year (Required)total work: 1 year (Required)JSP: 1 year (Required)Education:Bachelor's (Required)Licence:Java SE 7 Programmer (Required)Industry:Software Development"
"Job SummaryExp - 0 to 8 yrsPositions - Junior Java Developer - 6Java Developer - 4Senior Java Developer - 2www.hatio.insend profiles to hrathatio.inWe are looking for Java Developers with experience in building high-performing, scalable, enterprise-grade applications.You will be part of a talented software team that works on mission-critical applications. Java developer roles and responsibilities include managing Java/Java EE application development while providing expertise in the full software development life cycle, from concept and design to testing.Java developer responsibilities include designing, developing and delivering high- volume, low-latency applications for mission-critical systems.Responsibilities and DutiesResponsibilities --------------------Contribute in all phases of the development life cycle.Write well designed, testable, efficient code.Ensure designs are in compliance with specifications.Prepare and produce releases of software components.Support continuous improvement by investigating alternatives and technologies and presenting these for architectural review.Requirements --------------------Bachelors/Masters degree in Computer Science, Engineering or a related subject.Proven hands-on Software Development experience.Proven working experience in Java development.Hands on experience in designing and developing applications using Java EE platforms.Object Oriented analysis and design using common design patterns.Profound insight of Java and JEE internals (Class loading, Memory Management, Transaction management etc).Excellent knowledge of Relational Databases, SQL and ORM technologies (JPA2, Hibernate).Experience in the Spring Framework.Experience in developing web applications using at least one popular web framework (JSF, Wicket, GWT, Spring MVC).Experience with test-driven development.Qualifications and SkillsBTech, BE, MCA, Msc, BSc, Bca or equivalent degreeJob Type: Full-timeSalary: ₹300,000.00 to ₹1,500,000.00 /yearExperience:software development: 1 year (Preferred)total work: 1 year (Preferred)Java: 1 year (Preferred)Education:Bachelor's (Preferred)Licence:Java SE 7 Programmer (Preferred)Benefits:Health insuranceProvident fund (PF)Paid leaves / Leave encashmentTravel allowanceFlexible work hoursIndustry:Software Development"
"Job SummaryExternal Title: Java DeveloperInternal Title: Senior Systems EngineerSkill(s):  Java, J2EE, Spring, Hibernate, MicroservicesExperience Range:  Mid LevelLocation(s):  Bhubaneshwar,Chennai,Gurgaon,Hyderabad,Mangalore,Mysore,Pune,Trivandrum, BangaloreResponsibilities and DutiesImplement design, development, validation and support activities in line with client needs and architectural requirements.Participate in Knowledge Management.Ensuring highest levels of service offerings to clients in own technology domain within the guidelines, policies and norms of Infosys.Required Experience and QualificationsMinimum 2 years of experience required.,Hands on experience on J2EE, Struts, Hibernate, Spring.,Awareness of technology trends.Working knowledge of full life cycle and various SDLC methodologies to meet project goals.In-depth,knowledge of design issues and best practices.Good Process knowledge and communication skills.,Ability to work within,deadlines and dynamic work environment.Educational Requirements:  BE , BTech , MCA , MTechService Line:  Application Development and MaintenanceJob Type: Full-timeExperience:J2EE, Struts, Hibernate, Spring: 2 years (Required)Education:Bachelor's (Preferred)Location:Pune, Maharashtra (Required)Industry:Software Development"
"Candidate must have practical knowledge of these technologies:Programming Skills: Spring Java, Hibernate and PostGreSQL Development , SVN Version Control, HTML 5 and Bootstrap UI DevelopmentJob Profile: Software Development and Maintenance in HTML5, Bootstrap, Spring Java, Hibernate and PostgreSQL. Version control using SVNExperience: 1 to 3 yearsEducational Qualification: BE/ MCAJob Type: Full-timeSalary: ₹20,000.00 to ₹40,000.00 /monthExperience:Spring Framework: 1 year (Required)Java: 1 year (Required)Education:Bachelor's (Required)Location:Pune, Maharashtra (Required)Language:English (Required)"
"Only for fresher
Sound Knowledge of PHP
Strong OOPS Concepts
Core Java, Advanced Java, JSP, JQuery
Basic Knowledge of My SQL database
Basic knowledge of HTML, CSS"
"We are looking for a candidate for the Content Developer role. The candidate will be required to develop rich content to be deployed in our web applications using CMS platforms or using our In-house developed tools.

Skill/Qualification requirement:
Knowledge of HTML/HTML5 and CSS/CSS3 is essential
Knowledge/Experience in JavaScript and JQuery is added advantage
Knowledge of Photoshop will be preferred
Should be trained and have hands on experience in developing rich content for websites.

Pre-requisites:
Graduates with good academic record.
Good communication skills
Good analytical and problem solving skills
Able to work independently

-
Dot Net Developer(Fresher)
Content Moderation Associate
System Administrator
Salesforce Developer
Senior Informatica Developer
Software Engineer Trainee
Content Developer (Fresher)
Android Developer
Dot Net Developer
Java Developer
Data Acquisition Executive (Only for Fresher’s)
Front End Developer
CMS (Drupal/WordPress/Joomla/Magento) Developer
iOS Developer
UI designer"
"Job SummaryGreetings from shell pro tech......!!!!We are hiring for freshers who are having good programming knowledge and good good communication skills and good logical thinking ability.Candidate should any programming knowledge like C,Java..ete..who are interested they can apply.all the best,thank youJob Types: Full-time, Fresher, Walk-InSalary: ₹12,000.00 to ₹15,000.00 /monthIndustry:IT Operations & Helpdesk"
"Job SummaryCoding for Java based Web Application and application components.Work to Code efficiently according to Company guidelines.Responsibilities and DutiesStrong understanding of object-oriented software design, and how to Code using the best practices. Familiar with statelessness of the web, session coherency issues, scalability of dynamic Web applications and servers, and Web security.We require highly skilled and articulate Java Developers who would beJava CodingSQL Formation and Performance EvaluationIntroduction of new features and value addsKey Skills0 to1+ years of software development experience, with an emphasis on server-side Technologies like, Java, scripting languages like PHP, SQL databases (MySQL, PostgreSQL), and web application servers (e.g., JBoss, Jakarta-Tomcat, etc.). A good understanding of UNIX including Linux is highly desirable.Required Experience and QualificationsB.E./B. Tech/B. Sc.-Computer Science, IT or demonstrated equivalent experience.Master's will be an added advantage.Java Certification with thorough theoretical knowledge on.Minimum 60% marks throughout education and from CBSE/ICSE board onlyJob Types: Full-time, FresherSalary: ₹200,000.00 to ₹325,000.00 /yearEducation:Bachelor's (Required)Location:Delhi, Delhi (Required)Selection rounds:Written testHR InterviewTechnical InterviewIndustry:Software Development"
"Frontend Developer - Web/Mobile Applications - Java/JavaScriptJob Responsibilities : - Collaborate with Project Manager or Project Consultant to develop the front end of mobile and web application- Delivering a complete front-end application- Ensuring high performance on mobile and desktop- Migrating to existing Web Applications to new latest technologies to improve performances- Writing tested, idiomatic, and documented JavaScript, HTML and CSS- Coordinating the workflow between the graphic designer, the HTML coder, and yourself- Cooperating with the back-end developer in the process of building the RESTful API- Collaborate with the stakeholders, the users, the build team and other development partners to implement state-of-the-art user experiences.- Collaborate with cross-functional teams to analyze, design, and ship new features- Participate actively in discussions, presentations and decisions about front end development, web application, mobile app, etc.- Implement new technologies to maximize application performance- Work with outside data sources and APIs- Work on bug fixing and improving application performance- Individual ContributorRequired Candidate profile- Strong object-oriented JavaScript- Flat box, material design concepts- AngularJS, MVC frameworks - Angular- CSS precompilers like Sass and LESS- Skills in one or more chosen frameworkslibraries like jQuery or Bootstrap- AJAX (Asynchronous JavaScript and XML)- HTML 5, CSS Modules, Web pack, Babel, npm- jQuery, jQueryUI, RequireJS, doT.js (Templating Engine)- Able to integrate existing API (REST)- Understanding of java web application technology stack (core Java, spring core, Spring MVC, Hibernate, REST)- GitGitHub, Continuous integration using maven & Jenkins- Integrate applications with network systems, servers and databases.- Troubleshoot problems with application development and use- Excellent conceptual, and critical thinking capabilities- Self-directed and self-motivated with the ability to take charge or play a supporting role- Strong understanding of product development.Job Type: Full-timeSalary: ₹5,000.00 to ₹15,000.00 /monthIndustry:Education & Instruction"
"Required Skills Java / JSP / PHP / Python / R / .NET Technologies


Good multi-tasking skills and the ability to work in a fast paced business environment


Exposure to all stages of Software Development Life Cycle


Demonstrate knowledge of current web design trends, philosophies and ideas


Understanding of HTML, CSS, and JavaScript
 

Freshers B.Tech(Computers) or MCA or MSC (CS) from reputed institutes can apply

Location: Kannur"
"Job SummaryResponsibilities:Designing, building and maintaining reliable and reusable Java code.Making sure the applications perform to a high level and are responsive.Work closely with the software and system engineering associates on our teamResponsible for all aspects of the continuous integration and continuous delivery processFlexible and willing to accept a change in priorities as necessary.Technical Skills:Hands on experience in Java, J2EE, JSP, Servlet, JQuery, JavaScript, HTML, CSS, MySQL databaseHave excellent knowledge in OOP (Object Oriented Programming)Qualification: BE/Btech/MCA/BCAJob Types: Internship, FresherSelection rounds:HR InterviewTechnical InterviewIndustry:Software Development"
"Job Profile
Java Developer Jobs In Baner, Pune
Job Type
Skilled Job
Contact Person
Karan
Qualification
Graduation
Gender
both
Salary
INR 18000-30000
Address
Baner Road, Laxman Nagar, Baner, Pune, Maharashtra, India
City
Pune
Country
India
Preferred Location
Baner Road, Laxman Nagar, Baner, Pune, Maharashtra, India
Industry
Banking / Finance / Insurance
Job Description
CALL Shivam 9667260430
We are currently hiring for the position of Java Developer.
Job Position- Java Fresher | Java Developer | Java Software Developer
Eligibility- BE/BTech/MCA/MTech/ME /MSC
Any YOP
ANY % criteria
Any Stream

CALL Karan 7065565935
RoleFresher
Industry TypeIT-Software / Software Services
Functional AreaIT Software - Application Programming, Maintenance
Employment TypeFull Time, Permanent"
"We are a team of multi-skilled and curious digital specialists who are always up for a challenge and learning as fast as. We are looking for proactive Java Developer for long time cooperation with good opportunities of growth to Team Lead, Architect or Project Manager.
Experience
[0-4 Years]
Percentage
70% (Min) only for freshers
Positions
5 [Full Time]
REQUIREMENTS
Good Communication Skills
Should have Knowledge on Java (Web & Desktop) Application Development.
Basics j2ee, jsp, SQL
Must and should 2 skills(Spring MVC, Hibernate, Struts 2, JSF, Google Web Toolkit, Vaadin, Stripes, OpenXava, ...)
Good Logical & Analytical skills
Expert of Java, OOP patterns
Architecture of high loaded Java applications
location
Tirupathi (Andhra Pradesh)
Salary
As per company norms.
Mail Id
hr@ymtsindia.com"
"Job SummaryWe are looking for an Application Developer who possesses a passion for pushing mobile technologies to the limits. This App developer will work with our team of talented engineers to design and build the next generation of our mobile applications. Android programming works closely with other app development and technical teams.Responsibilities and DutiesDesign and build advanced applications for the Android platformCollaborate with cross-functional teams to define, design, and ship new featuresWork with outside data sources and APIsUnit-test code for robustness, including edge cases, usability, and general reliabilityWork on bug fixing and improving application performanceContinuously discover, evaluate, and implement new technologies to maximize development efficiency.Key SkillsJava, C#, Objective C, Swift, kotlinRequired Experience and QualificationsBS/MS degree in Computer Science, Engineering or a related subjectProven software development experience and Android/iOS skills developmentProven working experience in Android app developmentHave published at least one original Android appExperience with Android SDKExperience working with remote data via REST and JSONExperience with third-party libraries and APIsWorking knowledge of the general mobile landscape, architectures, trends, and emerging technologiesSolid understanding of the full mobile development life cycle.Job Types: Full-time, FresherExperience:work: 1 year (Preferred)total work: 1 year (Preferred)Education:Bachelor's (Preferred)Industry:Software Development"
"Only for fresher
Sound Knowledge of PHP
Strong OOPS Concepts
Core Java, Advanced Java, JSP, JQuery
Basic Knowledge of My SQL database
Basic knowledge of HTML, CSS"
"We are looking for a candidate for the Content Developer role. The candidate will be required to develop rich content to be deployed in our web applications using CMS platforms or using our In-house developed tools.

Skill/Qualification requirement:
Knowledge of HTML/HTML5 and CSS/CSS3 is essential
Knowledge/Experience in JavaScript and JQuery is added advantage
Knowledge of Photoshop will be preferred
Should be trained and have hands on experience in developing rich content for websites.

Pre-requisites:
Graduates with good academic record.
Good communication skills
Good analytical and problem solving skills
Able to work independently

-
Dot Net Developer(Fresher)
Content Moderation Associate
System Administrator
Salesforce Developer
Senior Informatica Developer
Software Engineer Trainee
Content Developer (Fresher)
Android Developer
Dot Net Developer
Java Developer
Data Acquisition Executive (Only for Fresher’s)
Front End Developer
CMS (Drupal/WordPress/Joomla/Magento) Developer
iOS Developer
UI designer"
"Job SummaryGreetings from shell pro tech......!!!!We are hiring for freshers who are having good programming knowledge and good good communication skills and good logical thinking ability.Candidate should any programming knowledge like C,Java..ete..who are interested they can apply.all the best,thank youJob Types: Full-time, Fresher, Walk-InSalary: ₹12,000.00 to ₹15,000.00 /monthIndustry:IT Operations & Helpdesk"
"Job SummaryCoding for Java based Web Application and application components.Work to Code efficiently according to Company guidelines.Responsibilities and DutiesStrong understanding of object-oriented software design, and how to Code using the best practices. Familiar with statelessness of the web, session coherency issues, scalability of dynamic Web applications and servers, and Web security.We require highly skilled and articulate Java Developers who would beJava CodingSQL Formation and Performance EvaluationIntroduction of new features and value addsKey Skills0 to1+ years of software development experience, with an emphasis on server-side Technologies like, Java, scripting languages like PHP, SQL databases (MySQL, PostgreSQL), and web application servers (e.g., JBoss, Jakarta-Tomcat, etc.). A good understanding of UNIX including Linux is highly desirable.Required Experience and QualificationsB.E./B. Tech/B. Sc.-Computer Science, IT or demonstrated equivalent experience.Master's will be an added advantage.Java Certification with thorough theoretical knowledge on.Minimum 60% marks throughout education and from CBSE/ICSE board onlyJob Types: Full-time, FresherSalary: ₹200,000.00 to ₹325,000.00 /yearEducation:Bachelor's (Required)Location:Delhi, Delhi (Required)Selection rounds:Written testHR InterviewTechnical InterviewIndustry:Software Development"
"Frontend Developer - Web/Mobile Applications - Java/JavaScriptJob Responsibilities : - Collaborate with Project Manager or Project Consultant to develop the front end of mobile and web application- Delivering a complete front-end application- Ensuring high performance on mobile and desktop- Migrating to existing Web Applications to new latest technologies to improve performances- Writing tested, idiomatic, and documented JavaScript, HTML and CSS- Coordinating the workflow between the graphic designer, the HTML coder, and yourself- Cooperating with the back-end developer in the process of building the RESTful API- Collaborate with the stakeholders, the users, the build team and other development partners to implement state-of-the-art user experiences.- Collaborate with cross-functional teams to analyze, design, and ship new features- Participate actively in discussions, presentations and decisions about front end development, web application, mobile app, etc.- Implement new technologies to maximize application performance- Work with outside data sources and APIs- Work on bug fixing and improving application performance- Individual ContributorRequired Candidate profile- Strong object-oriented JavaScript- Flat box, material design concepts- AngularJS, MVC frameworks - Angular- CSS precompilers like Sass and LESS- Skills in one or more chosen frameworkslibraries like jQuery or Bootstrap- AJAX (Asynchronous JavaScript and XML)- HTML 5, CSS Modules, Web pack, Babel, npm- jQuery, jQueryUI, RequireJS, doT.js (Templating Engine)- Able to integrate existing API (REST)- Understanding of java web application technology stack (core Java, spring core, Spring MVC, Hibernate, REST)- GitGitHub, Continuous integration using maven & Jenkins- Integrate applications with network systems, servers and databases.- Troubleshoot problems with application development and use- Excellent conceptual, and critical thinking capabilities- Self-directed and self-motivated with the ability to take charge or play a supporting role- Strong understanding of product development.Job Type: Full-timeSalary: ₹5,000.00 to ₹15,000.00 /monthIndustry:Education & Instruction"
"Required Skills Java / JSP / PHP / Python / R / .NET Technologies


Good multi-tasking skills and the ability to work in a fast paced business environment


Exposure to all stages of Software Development Life Cycle


Demonstrate knowledge of current web design trends, philosophies and ideas


Understanding of HTML, CSS, and JavaScript
 

Freshers B.Tech(Computers) or MCA or MSC (CS) from reputed institutes can apply

Location: Kannur"
"Job SummaryResponsibilities:Designing, building and maintaining reliable and reusable Java code.Making sure the applications perform to a high level and are responsive.Work closely with the software and system engineering associates on our teamResponsible for all aspects of the continuous integration and continuous delivery processFlexible and willing to accept a change in priorities as necessary.Technical Skills:Hands on experience in Java, J2EE, JSP, Servlet, JQuery, JavaScript, HTML, CSS, MySQL databaseHave excellent knowledge in OOP (Object Oriented Programming)Qualification: BE/Btech/MCA/BCAJob Types: Internship, FresherSelection rounds:HR InterviewTechnical InterviewIndustry:Software Development"
"Job Profile
Java Developer Jobs In Baner, Pune
Job Type
Skilled Job
Contact Person
Karan
Qualification
Graduation
Gender
both
Salary
INR 18000-30000
Address
Baner Road, Laxman Nagar, Baner, Pune, Maharashtra, India
City
Pune
Country
India
Preferred Location
Baner Road, Laxman Nagar, Baner, Pune, Maharashtra, India
Industry
Banking / Finance / Insurance
Job Description
CALL Shivam 9667260430
We are currently hiring for the position of Java Developer.
Job Position- Java Fresher | Java Developer | Java Software Developer
Eligibility- BE/BTech/MCA/MTech/ME /MSC
Any YOP
ANY % criteria
Any Stream

CALL Karan 7065565935
RoleFresher
Industry TypeIT-Software / Software Services
Functional AreaIT Software - Application Programming, Maintenance
Employment TypeFull Time, Permanent"
"We are a team of multi-skilled and curious digital specialists who are always up for a challenge and learning as fast as. We are looking for proactive Java Developer for long time cooperation with good opportunities of growth to Team Lead, Architect or Project Manager.
Experience
[0-4 Years]
Percentage
70% (Min) only for freshers
Positions
5 [Full Time]
REQUIREMENTS
Good Communication Skills
Should have Knowledge on Java (Web & Desktop) Application Development.
Basics j2ee, jsp, SQL
Must and should 2 skills(Spring MVC, Hibernate, Struts 2, JSF, Google Web Toolkit, Vaadin, Stripes, OpenXava, ...)
Good Logical & Analytical skills
Expert of Java, OOP patterns
Architecture of high loaded Java applications
location
Tirupathi (Andhra Pradesh)
Salary
As per company norms.
Mail Id
hr@ymtsindia.com"
"Job SummaryWe are looking for an Application Developer who possesses a passion for pushing mobile technologies to the limits. This App developer will work with our team of talented engineers to design and build the next generation of our mobile applications. Android programming works closely with other app development and technical teams.Responsibilities and DutiesDesign and build advanced applications for the Android platformCollaborate with cross-functional teams to define, design, and ship new featuresWork with outside data sources and APIsUnit-test code for robustness, including edge cases, usability, and general reliabilityWork on bug fixing and improving application performanceContinuously discover, evaluate, and implement new technologies to maximize development efficiency.Key SkillsJava, C#, Objective C, Swift, kotlinRequired Experience and QualificationsBS/MS degree in Computer Science, Engineering or a related subjectProven software development experience and Android/iOS skills developmentProven working experience in Android app developmentHave published at least one original Android appExperience with Android SDKExperience working with remote data via REST and JSONExperience with third-party libraries and APIsWorking knowledge of the general mobile landscape, architectures, trends, and emerging technologiesSolid understanding of the full mobile development life cycle.Job Types: Full-time, FresherExperience:work: 1 year (Preferred)total work: 1 year (Preferred)Education:Bachelor's (Preferred)Industry:Software Development"
