description
"Job Code: EHSJD201801
Education Qualification: B.Tech/ B.E / MCA / MSc / BSc ( computers ) or equivalent. Experience (Preferable): 0 - 6 months ( Freshers ) Essential Requirements (Skills): Knowledge on Core Java, JSP, Servlets, AJAX, JavaScript, Struts, JSF, Design Patterns, Spring MVC framework, Hibernate.
We have urgent openings for the following positions. Interested candidates drop us your resume at hr@ethonhealthcare.com. Don't forget to mention Job Code in Subject."
"Job SummaryLooking for developers to join our teamQualifications and SkillsJava/Android development experienceGood in OOPS , Java principles.Experience in analyzing code , debugging .Job Types: Full-time, Internship, Contract, Fresher"
"Opening for Freshers / Experience for JAVA,TESTING,AWS and Devops,NetworkingEligibility: -BCA,MCA,Btech,BSC IT,From 2011,2012,2013,2014,2015,2016,2017,2018,2019 Passout can apply for the job.Job Description for Java.(Fullstack developers)· Fresher / Experience· Should trained on domain· Good communications skillsExperience JOB DescriptionØ Experience of 0-7 yearsØ MVC Framework like JSF, Playframework, Struts, or Spring frameworkØ Hibernate or JPA for databasesØ Dependency Injection (@Resource)Ø SOAP based Web Services (JAX-WS)Ø Some build tool (Ant, Maven, etc.)Ø JUnit (or other Unit Testing framework)Ø Version Control mostly Git.Get comfortable writing Java code using latest API changes.Ø JSTLØ Application server/container configuration management and application deploymentØ JSPØ Markup Languages like HTML, XML and JSON.Ø ServletsØ JNDIØ MVCØ Frameworks like Struts / SpringØ ServicesØ Web Technologies like CSS, JavaScript and JQuery----------------------------------------------------------------------------------------------Job Description For TestingØ Experience of 0-7 yearsØ Trained on Manual testing/Automation TestingØ Expert in creation of test scenarios/cases which meets the business requirements/mapping documentsØ Execution of the test scripts on various builds and Involved in fixing the test scripts runtime and their maintenanceØ Experience in creating automation framework and enhancing as per the business needsØ Good communications skills---------------------------------------------------AWS and DevopsShould trained on toolsShould have good communication skills.Should have logical skills.---------------------------------------------------Job Types: Full-time, Fresher, Walk-InSalary: ₹5,000.00 to ₹50,000.00 /monthEducation:Bachelor's (Preferred)"
"Job Summaryonly freshers and also gap candidates are apply and also other engg. field like E and TC, Mechanical eic branch candidates also apply or eligible.Hands on Industrial Live project work and also including spring,hibernate technology.candidate should have knowledge about core java,Advance java.contact no.-7972949447Job Type: Full-timeSalary: ₹60,000.00 to ₹70,000.00 /yearExperience:total work: 1 year (Preferred)JSP: 1 year (Preferred)Java: 1 year (Preferred)Education:Bachelor's (Preferred)Licence:Java SE 7 Programmer (Preferred)Industry:Software Development"
"Job SummaryHow do you shape the future Smart Buildings? We’re looking for the makers of tomorrow, the talented individuals ready to help Siemens transform entire industries, cities and even countries. Get to know us from the inside, develop your skills on the job and work at the cutting edge of Digital Process Industries. In India, we have offices in PuneResponsibilities and DutiesWe make real what matters.We are loking for candidates with Java, J2EE, Spring Framework, MySQL, HTML, CSS, Javascript, Maven, Git, AngularJsOptional Keywords: Jenkins, Linux, Kafka, Consul, Nginx, GroovyYou should have Good Analytics and problem-solving skills.You should have Excellent communication skills, verbally and in writingYou should have to Focus on code quality.Required Experience and QualificationsRequired (Mandatory):1. Overall experience of 0-2 years in Java/J2EE developement2. At least 2 year development experience in Spring Framework/Spring Boot3. Experience in developing REST service4. Experience with JDBC and object-relational mapping (ideally MySQL)5. Experience with frontend technologies viz. HTML5, CSS3, Javascript6. Experience with Maven, GitLab.7. Knowledge of AngularjsBenefitsOptional(Preferred): 1. Basic knowledge of linux commands2. Scripting Knowledge in Groovy2. Knowledge of Jenkins3. Knowledge of Consul, Nginx4. Basic understanding of Microservices5. Knowledge of Queue/Messaging system, preferably Kafka.Job Type: Full-timeSalary: ₹18,000.00 to ₹25,000.00 /yearExperience:.Net: 1 year (Preferred)total work: 1 year (Preferred)Java: 1 year (Preferred)c#: 1 year (Preferred)Education:Secondary(10th Pass) (Preferred)"
"Qualification-B.E/B-Tech, MCA, BCA, Any GraduateJob Profile- Java/ Python/ AWS/ Salesforce/ SAP & MoreSalary: 3.20LPA to-5.60LPAFreshers & Experience Both Can apply 0-2 yearsJob Location & Interview - Pune, BangaloreRequired Technical ExpertiseMust have an understanding of core part language.Should have basic database knowledgeGood knowledge OOPs + database + front end technologiesGood knowledge of Data StructureMust have completed Academic projectsPositive & Learning AttitudeProblem- solving/ troubleshooting skills.Should be Self-starter with excellent interpersonal skillsSalary: INR 3,00,000 - 5,00,000 PA.Industry: IT-Software, Software ServicesFunctional Area: IT Software - Application Programming , MaintenanceRole Category: Programming & DesignRole: Software DeveloperEmployment Type: Full Time, PermanentEducation-UG: B.A - Any Specialization, B.B.A / B.M.S - Management, B.Tech/B.E. - Any Specialization, B.Com - Commerce, B.Sc - Any Specialization, B.Arch - ArchitectureJob Type: Full-time"
"Job SummaryCallisto IT Solutions is looking for a JAVA Developer who canm handle whole and sole complete projects start from requirement gathering to deploymentResponsibilities and DutiesDesign the template using bootstrapable to work in advance technology as API ,SWING,HYBERNETdevelop the project using coding techniquesdeploy the project using tomcat serverdeploy the projects on plesk panelhandle the interns with project development train the JAVA trainees for JAVA technologyKey Skills1 yr Experienced/Fresher with Live Project experience with some company present at live url, BE,BCA,MCARequired Experience and QualificationsBE,BCA,MCABenefitsOFFICE TIMING- 10 TO 7 PMSALARY - 1.2 LAKHS PER ANNUMCONTACT : 7057205423Job Type: Full-timeEducation:Diploma (Preferred)Industry:Software Development"
"*Strong programming skills Good Logic & Algorithmic skills Knowledge in Core Java / .Net Programming RDBMS Concepts (MySQL / Oracle / SQL Server)*BenefitsHands on experience in Java and related framework like Spring, Groovy / Grails etc Good knowledge of RDBMS and MySQL database Good knowledge in HTML, JavaScript, CSS etc Excellent communication skill (Oral and Written) in English. Self-motivated and ability to work independently. Analytical mindset with problem solving aptitude Willingness to learn new technologies / languages as required.Job Type: Full-timeAgile Experience Needed:NoIndustry:Software Development"
"Frontend Developer - Web/Mobile Applications - Java/JavaScriptJob Responsibilities : - Collaborate with Project Manager or Project Consultant to develop the front end of mobile and web application- Delivering a complete front-end application- Ensuring high performance on mobile and desktop- Migrating to existing Web Applications to new latest technologies to improve performances- Writing tested, idiomatic, and documented JavaScript, HTML and CSS- Coordinating the workflow between the graphic designer, the HTML coder, and yourself- Cooperating with the back-end developer in the process of building the RESTful API- Collaborate with the stakeholders, the users, the build team and other development partners to implement state-of-the-art user experiences.- Collaborate with cross-functional teams to analyze, design, and ship new features- Participate actively in discussions, presentations and decisions about front end development, web application, mobile app, etc.- Implement new technologies to maximize application performance- Work with outside data sources and APIs- Work on bug fixing and improving application performance- Individual ContributorRequired Candidate profile- Strong object-oriented JavaScript- Flat box, material design concepts- AngularJS, MVC frameworks - Angular- CSS precompilers like Sass and LESS- Skills in one or more chosen frameworkslibraries like jQuery or Bootstrap- AJAX (Asynchronous JavaScript and XML)- HTML 5, CSS Modules, Web pack, Babel, npm- jQuery, jQueryUI, RequireJS, doT.js (Templating Engine)- Able to integrate existing API (REST)- Understanding of java web application technology stack (core Java, spring core, Spring MVC, Hibernate, REST)- GitGitHub, Continuous integration using maven & Jenkins- Integrate applications with network systems, servers and databases.- Troubleshoot problems with application development and use- Excellent conceptual, and critical thinking capabilities- Self-directed and self-motivated with the ability to take charge or play a supporting role- Strong understanding of product development.Job Type: Full-timeSalary: ₹5,000.00 to ₹15,000.00 /monthIndustry:Education & Instruction"
"We are looking for a Java Developer with experience in building high-performing, scalable, enterprise-grade applications.You will be part of a talented software team that works on mission-critical applications. Java developer roles and responsibilities include managing Java/Java EE application development while providing expertise in the full software development lifecycle, from concept and design to testing.Java developer responsibilities include designing, developing and delivering high-volume, low-latency applications for mission-critical systems.ResponsibilitiesContribute in all phases of the development lifecycleWrite well designed, testable, efficient codeEnsure designs are in compliance with specificationsPrepare and produce releases of software componentsSupport continuous improvement by investigating alternatives and technologies and presenting these for architectural reviewJob Type: Full-timeSalary: ₹180,000.00 to ₹200,000.00 /yearExperience:java: 1 year (Preferred)Education:Bachelor's (Preferred)Location:Pune, Maharashtra (Preferred)"
"Job SummaryWe at NetXs Solutions,Ahmedabad have URGENT job openings for ""Jr. JAVA Developer"" and looking for a person having knowledge and skills listed below:JSPServletsAJAXStrutsHibernateJava ScriptMicrosoft SQL ServerPlease provide following information along with your resume:Current Job Location:Willing to relocate:Current Salary:Expected Salary:Days required to Join:Note: Candidate with 6+ months of experience will be preferred.Freshers can also apply.Thanks & Regards,Sandip JobanputraNetXs SolutionsJob Type: Full-timeSalary: ₹10,000.00 to ₹20,000.00 /monthEducation:Secondary(10th Pass) (Preferred)Industry:Software Development"
"We are currently hiring for a Fresher Java developer for Nagpur And Pune Location.
Hands on experience in Java-J2EE Development expertise in Core Java, J2EE, JSP, Servlet, Web services, Spring, Hibernate, Java Script, JQuery and AJAX.Proficiency with PL/SQL on MySql or Oracle.Possess advanced knowledge of object-oriented design and development (OOAD) on J2EE framework and data architectures.Hands on in applying Design patterns to solve problems.Demonstrate strong written and oral communication skills.Hands on experience in Tomcat and Web logic/Web sphere servers.To develop and guide the team members in enhancing their technical capabilities and increasing productivity.
Skills:
OOPs concept
Core and Advance Java
Desired Candidate Profile:
Please refer to the Job description above
Education-
-UG: Any Graduate - Any Specialization
PG:Post Graduation Not Required
Send you Resume on:
info@concoursesols.com"
"Job Type : Fresher / Experienced

Minimum Qualification : B.E, B.Tech, B.C.A, M.C.A

Skills Required : JSP / Servlets, Web Frameworks like Struts / Spring, Service Oriented Architecture / Web Services – SOAP / REST, Web Technologies like HTML,CSS, Javascript and JQuery ,Markup Languages like XML and JSON.

Job Description :

Design and develop high-volume, low-latency applications for mission-critical systems, delivering high-availability and performance in Java.
Contribute in all phases of the development lifecycle.
Write well designed, testable, efficient code.
Support continuous improvement by investigating alternatives and technologies.
Defines site objectives by analyzing user requirements; envisioning system features and functionality.
Designs and develops user interfaces by setting expectations and features priorities throughout development life cycle; determining design methodologies and tool sets; completing programming using languages and software products; designing and conducting tests.
Supports users by developing documentation and assistance tools.
Updates job knowledge by researching new technologies and software products."
"Job Summarywe are hiring for only freshers java web devaloper networkingRequired Experience, Skills and Qualificationsonly freshersBenefitstrainingJob Type: Full-timeSalary: ₹15,000.00 to ₹30,000.00 /monthExperience:total work: 1 year (Preferred)JSP: 1 year (Preferred)java: 1 year (Preferred)Education:Bachelor's (Preferred)Licence:Java SE 7 Programmer (Preferred)"
"About the company:
We are IITK based startup working on a 'one-for-all' solution for a range of problems faced by students. Campus Haat is a hyperlocal community platform where all the students, professors, residents, local vendors can join, participate, and eventually benefit each other. We aim to minimize the cost of education by providing better resources at an affordable price. Our main area of focus is resource sharing (P-2-P), academics, food, transportation, and accommodation. We are creating a mobile & web solution aimed to solve problems using a combination of online-offline approach.
About the internship/job:
We are looking for passionate Java developers who want to solve real-world problems using the latest technologies, someone who wants to keep learning and push the limits to make a real-life impact. Selected intern's day-to-day responsibilities include: 1. Design and develop a scalable and robust system/web-services to be used by mobile and web applications (Android/iOS/web) 2. Design and create database models (both relational/MySQL and NoSQL/DynamoDB) 3. Design and create REST API 4. Create test cases, write scripts, including edge cases 5. Fix bugs and work on performance optimizations
Who can apply:
Only those students or freshers can apply who:
are available for the part time job/internship (it may be part time in-office or part time at home/work from home online)
have relevant skills and interests
can start the part time job/internship between 31st Oct'19 and 30th Nov'19
are available for duration of 3 months
have already graduated or are currently in any year of study
Females willing to start/restart their career may also apply
Number of internships/jobs available: 2
Categories: Java,Software Development,Computer Science,Engineering"
"Job SummaryGreetings from shell pro tech......!!!!We are hiring for freshers who are having good programming knowledge and good good communication skills and good logical thinking ability.Candidate should any programming knowledge like C,Java..ete..who are interested they can apply.all the best,thank youJob Types: Full-time, Fresher, Walk-InSalary: ₹12,000.00 to ₹15,000.00 /monthIndustry:IT Operations & Helpdesk"
"Job SummaryJob DescriptionJob SummaryAvishkar Innovative Pvt. Ltd. an academic initiative is inviting for all students from CS Background like BCA/MCA, B.Tech and BSc. IT, having good knowledge in Java can apply for 8 months of Industrial Internship. Under the Internship students can have an opportunity to work on real time projects in Java (as a Java Developer) and after completion of successful 8 months Internship, Certificate will provide according to that duration.Work Location: - Avishkar Innovative Pvt. Ltd.No. 970/32, 11th Main Road,50 Feet Road, Raghavendra Block,Srinagar, Bangalore-560050.Timing: 9.30 AM to 5.30 PMContact number +919731940069Responsibilities and DutiesJava Developer with Full-time Internship.Key SkillsStudents Bachelor Degree from CS Background.Required Experience and QualificationsFresher, Full-time Internship.BenefitsKey SkillsStudents Bachelor Degree from CS BackgroundRequired Experience and QualificationsFresher, Full-time Internship.BenefitsNo Stipend will be provided.Job Type: Full-timeExperience:java: 1 year (Preferred)Education:Bachelor's (Preferred)Licence:Java SE 7 Programmer (Preferred)Industry:Software Development"
"Must have scored atleast 70% in 10th or 12th standard
Nice to have experience with HTML/CSS/JavaScript/jQuery
Knowledge of SQL and relational database concepts
Spring and Hibernate experience a plus
Strong OOP & OOAD fundamentals
Must have a problem solving attitude
Excellent written and oral communication"
"Job SummaryLooking for fresher Java Developers / C Developers.Qualification: B.E./ B.Tech./ B.C.A./ M.C.A.Yr of pass: 2018/2019.Skills: Java, J2EE, Core JAVA, JSP, Spring, Hibernate/Good knowledge in C language.Industry: IT/Computers – SoftwareSalary: 10KJob Type: - Full TimeJob Location: - VizagWorking Days: - 6Job Type: Full-timeSalary: ₹10,000.00 to ₹12,000.00 /monthExperience:total work: 1 year (Preferred)JSP: 1 year (Preferred)Education:Bachelor's (Preferred)Benefits:Provident fund (PF)Industry:Software Development"
"Job SummaryAbout Us: HAP Labz is a start up - professional Web and Mobile development company based in India that endeavor on highly proficient, timely delivered, cost effective front-end and back-end software development services. Our team is highly experienced in offering offshore software development and project management. Some of our services includes but not limited to Web application development, Mobile application development, E-Commerce development and Desktop application development. Founders come with good experience, displays acute software expertise and has been successful in providing high-level services, support and solutions to our clients in India, Singapore, Australia, United States, Canada and Estonia to mention a few. We strongly believe in equal mix of hard and smart work and look forward to work in various industry verticals and provide an efficient, reliable, secure and timely solution to our clients.Website: www.haplabz.comResponsibilities and DutiesAs a Junior Software Engineer, you will be learning new technologies, coding, testing and implementing configuration changes and assisting in the design of software applications to meet both functional and technical requirements. you will also play a major role in the organization's software development, implementation and management of technology-based business solutions.Qualifications and SkillsExcellent English communication verbal and writtenShould have good HTML and CSS knowledgeShould be good with any one of the programming languages [C, C++, Java, Javascript, Python, PHP, etc.,]Should be a quick learner and be capable of learning new technologies from online sources like video or web tutorials within a short spanAny Bachelors Degree2018 and 2019 passed out batches onlySpecialization in Computer Science, Computer Technology or Information Technology will be an added advantage but not a compulsionShould be capable of handling client's pressured deadlinesShould be capable of working alone or with a small team [As this is a start up, you may have to work alone or with one or two more developers]BenefitsOpportunity to learn latest technologies like Angular, React, Vue.js, Node.js etc.,You will be looking at yourself as a confident software developer by 1 year from the date of joiningYou being a part of a start up company, we ensure growth of employees in parallel with the company's growthSalary hike twice a year [Jan and July every year]5 day work policy [You may be asked to work on Saturday's if there is a requirement]Job Type: Full-timeSalary: ₹10,000.00 /monthLanguage:Excellent English Communication (Required)Industry:Software Development"
"Fresher Candidate required who is Dedicated to WORK & having Positive attitude to do WORK and good Knowledge over Design, build, and maintain high performance, reusable, and reliable Java code and advance coding concept in OOPs, Translate designs and wireframes into high quality code , good knowledge of SDLC process. The candidate will be involved in client interactions; along with technical expertise the candidate should have good communication and analytical Skills.

Salary :As per the Industry Norms.

**Training / internship period is not considered as experience"
"Job SummaryWe at NetXs Solutions,Ahmedabad have URGENT job openings for ""Jr. JAVA Developer"" and looking for a person having knowledge and skills listed below:JSPServletsAJAXStrutsHibernateJava ScriptMicrosoft SQL ServerPlease provide following information along with your resume:Current Job Location:Willing to relocate:Current Salary:Expected Salary:Days required to Join:Note: Candidate with 6+ months of experience will be preferred.Freshers can also apply.Thanks & Regards,Sandip JobanputraNetXs SolutionsJob Type: Full-timeSalary: ₹10,000.00 to ₹20,000.00 /monthEducation:Secondary(10th Pass) (Preferred)Industry:Software Development"
"Job SummaryWe are seeking a highly-skilled Java developer to join our motivating IT team.In this role, you will help develop and design technology solutions that are scalable, relevant, and critical to our company’s success. You must have a solid skill set, a desire to continue to grow as a developer, and a team-player mentality.All you have to do is write code that works and we get you paid for writing them.We are looking through our magnifying glasses for the followingSkills**Basic understanding of JVM & JSP its limitations, weaknesses, and workarounds*Proficient in understanding the Web Frameworks like Struts / Spring.**Detailed knowledge on Service Oriented Architecture / Web Services - SOAP / REST.**Professional Hands on practice on Web Technologies like HTML, CSS, Javascript and JQuery.**If you are also proficient in Markup Languages like XML and JSON, we might give you high priority.*Responsibilities**Your primary role would be creating Java applications to meet project specifications, coordinating design, development, testing, debugging and implementation of Java projects.*You will also be expected to do database development and software integration like a pro**We love people who work flexible enough to learn new programs and script languages.**You are expected to ensure the best possible performance, quality, and responsiveness of the applications that are created by you and your teammates.Job Type: Full-timeSalary: ₹100,000.00 to ₹120,000.00 /yearJob Type: Full-timeSalary: ₹100,000.00 to ₹125,000.00 /yearLocation:Sivakasi, Tamil Nadu (Preferred)Language:Tamil (Preferred)Industry:Software Development"
"Job SummaryDeveloping a project on Core java, Advance java, Hibernet, SpringKey SkillsC,C++,Core java,Advance java, Hibernet,SpringJob Types: Full-time, Internship, FresherEducation:Bachelor's (Preferred)Selection rounds:Technical InterviewIndustry:Software Development"
"We are a team of multi-skilled and curious digital specialists who are always up for a challenge and learning as fast as. We are looking for proactive Java Developer for long time cooperation with good opportunities of growth to Team Lead, Architect or Project Manager.
Experience
[0-4 Years]
Percentage
70% (Min) only for freshers
Positions
5 [Full Time]
REQUIREMENTS
Good Communication Skills
Should have Knowledge on Java (Web & Desktop) Application Development.
Basics j2ee, jsp, SQL
Must and should 2 skills(Spring MVC, Hibernate, Struts 2, JSF, Google Web Toolkit, Vaadin, Stripes, OpenXava, ...)
Good Logical & Analytical skills
Expert of Java, OOP patterns
Architecture of high loaded Java applications
location
Tirupathi (Andhra Pradesh)
Salary
As per company norms.
Mail Id
hr@ymtsindia.com"
"Job SummaryJob SummaryKindlebit Solutions Pvt. Ltd. is Looking For Java Fresher Developer*Exp: - 0 - 0.6 months5 Days Working*Location : - Chandigarh (IT Park)*Job Description: -Designing and developing of ApplicationContributing in all phases of the development lifecycle.Writing well designed, testable, efficient code.Key SkillsCore Java, Java servlets, JSP, Spring, Spring Boot, Hibernate,etc.Required Experience and QualificationsExperience -Fresher*Qualifications-B.Tech (CS/IT) /BCA/MCA/B.Sc.IT**Interested candidates can call Kanwar (HR Manager ) at 0172 4026970**Thanks & RegardsKanwarpartap SinghHRJob Type: Full-timeEducation:Bachelor's (Preferred)Industry:Software Development"
"Job SummaryJForce Solutions is looking for freshers who have excellent coding skills and who can start contributing right away.Applicants who have done freelancing, multiple project and application development on their own are preferred. There will be a bond of 2 years for this position. Job location will be Vileparle west, Mumbai.Responsibilities and DutiesResponsibilities and DutiesDevelopment on multiple cutting edge technologic likeSpringboot, J2EE, Java, Tomcat, mySQLReactJSMobile App developmentSalesforce clous based developmentKey SkillsJavascript, Java, Spring, reactjs, react, Mobile, SalesforceRequired Experience and QualificationsBachelors degreeBenefitsFirst Year CTC: 2.4 Lac per annumSecond Year CTC: 3-3.6 Lac per annumMedical insuranceJob Type: Full-timeEducation:Bachelor's (Preferred)"
"Job Summary*Position : Software Developer TraineeLocation : Sector 62, Noida LocationDuration : Fulltime with VertexPlus********Qualification- B.Tech (CSE/ ECE/ IT) 2017/18/19 BatchExperience- Fresher to 1 yearInterview Timings : 11:00 AM to 12:00 PM (Mon to Fri)Working Days- 5 DaysTraining Period- 1-2 MonthsTraining will be provided on the latest and booming technologies like Power BI, Pentaho BI, AlteryxShift - GeneralAgreement Period- 2 YearsSalary will be revised after 6 months on a performance basis.*Interview Process-Telephonic- First Round: Aptitude and Programming Round- Second Round: Technical Interview- Third Round: HR InterviewResponsibilities and DutiesJob Descriptions :1) Knowledge and hands on experience on any one programming language2) Strong understanding of programming concepts3) Good knowledge of data structure4) Excellent learning ability5) Should be willing to work in a fast pace environment6) Good communication skills are mandatoryKey SkillsGood Comminuication, experince in IT Skills , C+, C++, JavaRequired Experience and QualificationsExperience- Fresher to 1 yearQualification- B.Tech (CSE/ ECE/ IT) 2017/18/19 BatchBenefitsTraining Period- 1-2 MonthsSalary will be revised after 6 months on a performance basis.Job Type: Full-timeSalary: ₹15,000.00 /monthExperience:.Net: 1 year (Preferred)c++: 1 year (Preferred)total work: 1 year (Preferred)Java: 1 year (Preferred)Education:Bachelor's (Required)Industry:IT Operations & Helpdesk"
"Job SummaryCoding for Java based Web Application and application components.Work to Code efficiently according to Company guidelines.Responsibilities and DutiesStrong understanding of object-oriented software design, and how to Code using the best practices. Familiar with statelessness of the web, session coherency issues, scalability of dynamic Web applications and servers, and Web security.We require highly skilled and articulate Java Developers who would beJava CodingSQL Formation and Performance EvaluationIntroduction of new features and value addsKey Skills0 to1+ years of software development experience, with an emphasis on server-side Technologies like, Java, scripting languages like PHP, SQL databases (MySQL, PostgreSQL), and web application servers (e.g., JBoss, Jakarta-Tomcat, etc.). A good understanding of UNIX including Linux is highly desirable.Required Experience and QualificationsB.E./B. Tech/B. Sc.-Computer Science, IT or demonstrated equivalent experience.Master's will be an added advantage.Java Certification with thorough theoretical knowledge on.Minimum 60% marks throughout education and from CBSE/ICSE board onlyJob Types: Full-time, FresherSalary: ₹200,000.00 to ₹325,000.00 /yearEducation:Bachelor's (Required)Location:Delhi, Delhi (Required)Selection rounds:Written testHR InterviewTechnical InterviewIndustry:Software Development"
"We are looking for a Java Developer with experience in building high-performing, scalable, enterprise-grade applications.
Contribute in all phases of the development lifecycle
Write well designed, testable, efficient code
Ensure designs are in compliance with specifications
Prepare and produce releases of software components
Support continuous improvement by investigating alternatives and technologies and presenting these for architectural review"
"Experience : Fresher
Skills and Requirements :
Creative
Good communication skills
B.tech or MCA.
Job Description :
basic knowledge in PHP,C and C++,java script and HTML"
"Job SummaryDesignation: Java DeveloperJob Type: Full TimeEducational Qualification:  Graduate or equivalentWork Experience:  0-2 Years (Freshers are Welcome)Salary:  INR 12,000 - INR 15,000 per month**Responsibilities and Duties1. Should have good knowledge of J2SE and J2EE platform, Knowledge of Spring and Hibernate with database of of Mysql, Core & Advance Java required.2. Should have good communication skills3. Shift timing: 10:30 AM -6:30 PM (Centralized Pickup & Drop facility)4. Salary: Max Rs. 12-15K CTC (Depending upon experience)5. Immediate Joiners Preferred.Interested candidates can contact 7888096080 or can directly walk-in for interview at below mentioned address along with updated resume and mention Seema - (HR Dept) as reference.Interview Venue: Altius Customer Services Pvt. Ltd3rd Floor, B Wing,North and South Central Facility Building,Mihan SEZ, Nagpur- 441108Job Types: Full-time, Walk-InExperience:JSP: 1 year (Preferred)java: 1 year (Preferred)Education:Bachelor's (Preferred)Licence:Java SE 7 Programmer (Required)"
"Job SummaryLMS Solutions (India) Pvt.Ltd. have urgent openings for the following position.JOB DESIGNATION: Software EngineerJOB LOCATION: Indore (MP)Qualification : BE/MCAExperience: FresherRequired Skills:Self-starter, proactive, positive, creative, and flexible.Java SDK 1.5+,Java EE Servlet/JSPExperience with Stateless Session Beans (EJB 3.1)Hands on experience with any ORM technologies like Hibernate orJPA,Experience using Oracle databaseDiscipline to document ideas and code in a clear, comprehensiveand organized mannerExperience troubleshooting issues in productionResponsibilities:Be a part of agile/scrum team for Virtual Show platform.Enhance the Virtual Show J2EE application platform.Build new XML APIs using JAXB and EJB3 for client-sideapplications.Build complex database-intensive reporting modules.Enhance scalability and reliability of existing applicationsProvide troubleshooting and 2nd-tier support for existingapplications.Design, implement and run automated test code and scripts.Job Type: Full-timeEducation:Bachelor's (Preferred)Language:English (Preferred)Industry:IT Operations & Helpdesk"
"Job SummaryWe at NetXs Solutions,Ahmedabad have URGENT job openings for ""Jr. JAVA Developer"" and looking for a person having knowledge and skills listed below:JSPServletsAJAXStrutsHibernateJava ScriptMicrosoft SQL ServerPlease provide following information along with your resume:Current Job Location:Willing to relocate:Current Salary:Expected Salary:Days required to Join:Note: Candidate with 6+ months of experience will be preferred.Freshers can also apply.Thanks & Regards,Sandip JobanputraNetXs SolutionsJob Type: Full-timeSalary: ₹10,000.00 to ₹20,000.00 /monthEducation:Secondary(10th Pass) (Preferred)Industry:Software Development"
"Job SummaryMust have scored atleast 70% in 10th or 12th standard.Excellent written and oral communication.Must have a problem solving attitude.Strong OOP & OOAD fundamentals.Knowledge of SQL and relational database concepts.Spring and Hibernate experience a plus.Nice to have experience with HTML/CSS/JavaScript/jQuery.Responsibilities and DutiesExcellent written and oral communication.Must have a problem solving attitude.Strong OOP & OOAD fundamentals.Knowledge of SQL and relational database concepts.Spring and Hibernate experience a plus.Nice to have experience with HTML/CSS/JavaScript/jQuery.Job Type: Full-timeSalary: ₹216,000.00 to ₹300,000.00 /yearEducation:Bachelor's (Required)Industry:Software Development"
"Job SummaryJOB RESPONSIBILITIESUnderstand the structure of code and logic of already built tool in JavaTesting, modifications, establish links of the tool and provide continuous supportUnderstand functional requirements and should be able to develop technical designShould be able to take ownership of projectsCANDIDATE EXPERIENCE/SKILLSCore Java (Must)Strong in OOPs conceptsExperience in any Database Concept (SQL / Oracle etc.)Should be able to analyze complex code structures, data structures, algorithms/logicHaving good experience in any of the frameworks like Struts/ Spring/ Hibernate/ Swing etc. is a plusQUALIFICATIONSB.Tech/MCA/BCA or equivalent degreeFresher with basic Java knowledge can applyJob Types: Full-time, Part-time, InternshipSalary: ₹5,000.00 to ₹25,000.00 /monthJob Types: Full-time, Part-time, ContractSalary: ₹5,000.00 to ₹25,000.00 /monthEducation:Bachelor's (Preferred)Location:Kota, Rajasthan (Preferred)Industry:Software Development"
"Job Summary24X7 Careers is hiring for java developer fresher's [B.Tech/ B.E / MCA / MSc / BSc ( computers )] or equivalent. Experience (Preferable): 0 - 6 months ( Freshers ) Essential Requirements (Skills): Knowledge on Core Java, JSP, Servlets, AJAX, JavaScript, Struts, JSF, Design Patterns, Spring MVC framework, Hibernate.We have urgent openings for the following positions.For More Details, Contact HR: - 9030200994,9030200991,Responsibilities and DutiesDefines site objectives by analyzing user requirements; envisioning system features and functionality.Designs and develops user interfaces to internet/intranet applications by setting expectations and features priorities throughout development life cycle; determining design methodologies and tool sets; completing programming using languages and software products; designing and conducting tests.Integrates applications by designing database architecture and server scripting; studying and establishing connectivity with network systems, search engines, and information servers.Creates multimedia applications by using authoring tools.Completes applications development by coordinating requirements, schedules, and activities; contributing to team meetings; troubleshooting development and production problems across multiple environments and operating platforms.Supports users by developing documentation and assistance tools.Key SkillsJava, Java Applets, Web Programming Skills, Teamwork, Verbal Communication, Web User Interface Design, Software Requirements, Software Development Process, Object-Oriented Design (OOD), Multimedia Content Development, Software DebuggingRequired Experience and QualificationsFresher and experience also can apply for this job.BenefitsESI,PF,Rotational shiftsJob Type: Full-timeSalary: ₹13,000.00 to ₹15,000.00 /monthExperience:Programming: 1 year (Preferred)work: 1 year (Preferred)total work: 1 year (Preferred)Education:Secondary(10th Pass) (Preferred)Benefits:Provident fund (PF)Health insuranceShift allowanceIndustry:Software Development"
"Job SummaryWE HIRE THE CANDIDATES TO IMPLEMENT IEEE PROJECTS, LIKE Java, Dotnet, PHP, Python..Responsibilities and DutiesCoding, UML Diagram Preparation, DocumentationJob Types: Full-time, Part-time, Contract, FresherSalary: ₹15,000.00 to ₹25,000.00 /monthExperience:Python Development: 1 year (Preferred)C#: 1 year (Preferred)Java Development: 1 year (Preferred)HTML: 1 year (Preferred)Education:Bachelor's (Preferred)Industry:Software Development"
"Job SummaryHello Greetings!!!We are looking JAVA Developer Fresher for an IT company....Duties may include: Designing, building and maintaining reliable and reusable Java code.Making sure the applications perform to a high level and are responsive.Identifying potential issues and finding possible solutions.Creation of multimedia applications via the use of authoring tools.Preparation and producing the release of software components.Assisting in continuous improvement by looking for alternative technologies and presenting them to the relevant individuals for reviewMandatory Required Skills: -Core JAVAJDBCServlets & JSPHibernate, SpringQualification: BE/BTECH/MCA/BCA(2018-2019 Passout)Fresher Can Also ApplyHR Pooja7747030713Address:::204, Atulya IT Park, Bhawarkua Main Rd, Indore, Madhya Pradesh 452014Job Type: FresherExperience:work: 1 year (Preferred)total work: 1 year (Preferred)Education:Secondary(10th Pass) (Preferred)Industry:Software Development"
"Job SummaryAs a Software Developer and Architect, you will be responsible for designing and developing, enterprise-grade visual communication system architecture. Experience with agile development methodologies are preferred. Required skills and experiences include:0 - 1 year Core JAVA experience.Core competency of JSP, REST, SOAP, Advanced Javascript, Closure, jQuery, Nodejs.Proficiency with Apache Derby or similar.Proficiency with producing and consuming RESTful APIs.Proficiency with producing and consuming JSON and XML data structures.Familiarity with GIT workflows such as Gitflow and feature branching.Job Type / CategoryBenefitsHow can this position help you grow?As a Software Architect, you will be part of development of cutting edge technologies in the digital signage landscape. From a personal development perspective, expect to be challenged, and to grow, in a variety of technical and managerial skill sets.As Mvix pursues a larger, enterprise-level client base, you will be directly impacting our company growth, our competitive advantages in the industry.Why is Mvix such an exciting place to work?We let our accolades do the talking!-Listed in the 20 Most Promising Digital Signage Solution Providers of 2018-Voted Best in Show at InfoComm 2018 and 2017-Ranked in The 20 Best Companies to Watch in 2017 by Insights Success-Awarded Best Digital Signage Software by DIGI (2017)-Acknowledged as one of the 50 Best Workplaces of 2016 by The Silicon ReviewOur team is expanding quickly, so apply today.Required Education, Skills and QualificationsQualification Required for this position – MCA,MSC-IT,ME-M TECH,BE,BCAExperience Required for this position - 0 to 1 year as a Java Developer, FRESHER / INTERN / TRAINEE will be given a Preference.Strong verbal and written communication skills.Comfortable working in a collaborative, fast-paced work environment.The ability to iterate and ship ideas quickly, with loose (at best) direction.Above all, a desire to learn and grow with the companyBenefitsWe offer a friendly business environment with a flexible work schedule and opportunity for growth. Salaries are commensurate with educational qualifications, merit and skills.Intern/Trainee will be provided Stipend for min 6 months of Project work to be done on our company product.Apart from a good work-life balance, we also provide-- PF/ESIC benefits- Half yearly( 6 Monthly ) Appraisal System- 5-days work week.-with Saturday & Sunday Off. & many more for employee enhancement.If interested, email your updated Cv on : kpatel@mvixlabs(dot)comFor More details ,visit our wesite : www.mvixindia.com & www.mvixusa.comLocation: Surat, Gujarat**Job Type: Full-timeSalary: ₹10,000.00 to ₹15,000.00 /monthExperience:total work: 1 year (Preferred)JSP: 1 year (Preferred)java: 1 year (Preferred)Education:Bachelor's (Preferred)Licence:Java SE 7 Programmer (Preferred)Agile Experience Needed:YesIndustry:Software Development"
"We are looking for a talented and passionate UI/UX developer to join our team. You can present and work collaboratively on your creative ideas.
Duties and Responsibilities
Possess superior UI/UX skills to translate high-level requirements into interaction flows and then transform them into intuitive, and functional user interfaces.Understand web design plans and UI layout ideas.Create various web applications using code and visual design skills, which includes designing and creating user interface layouts and web pages.Perform usability tests and analyze the results to gauge the consumer’s experience when using web applications and online programs.Analyze user data to evaluate user interfaces for existing applications and web pages and to identify areas needing improvement.
Skills and Qualifications
Coding – Up to date knowledge of writing code using multiple web development languages, primarily HTML, Flash, CSS, and JavaAnalytical thinking – Test and analyze web applications and user data, which requires strong analytical skillsCommunication skills – Excellent verbal communication skills to give presentations and collaborate with the rest of the design teamGraphics design – Thorough understanding of various design programs, such as the Adobe Creative Suite, to create visually pleasing graphic designs for web applications and pagesCustomer service – Create web pages and applications meant to maximize the user experience.LinkedIn profile link"
"About the company:
We are IITK based startup working on a 'one-for-all' solution for a range of problems faced by students. Campus Haat is a hyperlocal community platform where all the students, professors, residents, local vendors can join, participate, and eventually benefit each other. We aim to minimize the cost of education by providing better resources at an affordable price. Our main area of focus is resource sharing (P-2-P), academics, food, transportation, and accommodation. We are creating a mobile & web solution aimed to solve problems using a combination of online-offline approach.
About the internship/job:
We are looking for passionate Java developers who want to solve real-world problems using the latest technologies, someone who wants to keep learning and push the limits to make a real-life impact. Selected intern's day-to-day responsibilities include: 1. Design and develop a scalable and robust system/web-services to be used by mobile and web applications (Android/iOS/web) 2. Design and create database models (both relational/MySQL and NoSQL/DynamoDB) 3. Design and create REST API 4. Create test cases, write scripts, including edge cases 5. Fix bugs and work on performance optimizations
Who can apply:
Only those students or freshers can apply who:
are available for the part time job/internship (it may be part time in-office or part time at home/work from home online)
have relevant skills and interests
can start the part time job/internship between 31st Oct'19 and 6th Dec'19
are available for duration of 3 months
have already graduated or are currently in any year of study
Females willing to start/restart their career may also apply
Number of internships/jobs available: 2
Categories: Java,Software Development,Computer Science,Engineering"
"JOB DESCRIPTION:
Candidate must have strong knowledge of JAVA/J2EE and Spring and some other related stuff.
DESIRED SKILLS & EXPERIENCE :
Knowledge in JAVA/J2EE and Spring, Oracle/SQL & Good Aptitude
Hybris Exposure, Hibernate Knowledge, JavaScript/JQuery
Good communication & logical skills required
Notice period: 15 to 25 days
SEND YOUR CV TO
mail@technarayana.com or support@technarayana.com"
"Java Developer Jobs In GlobalEdx Posted On 18th November 2019Company Name: GlobalEdx Designation: Java Developer Education : Any Graduate,Any Post Graduate Location: Experience: Fresher Salary: Rs.14000 - Rs.16000 (per annum) JOB PROFILE: GlobalEdx is hiring JAVA Programmer Under Train and Hire Program.All Graduates are Eligible.GlobalEdx provides Complete JAVA Training and places you in MNC Client Companies.JAVA Programming is growing fast in the present Software Industry. So, companies are hiring JAVA programmer which is leading to lots of job opportunities for students, job seekers, and professionals. One can have a very bright career and future in JAVA. Contact Email: info@globaledx.comRegardsTeam GlobalEdx#java#Javatraining #javascriptdeveloper#javascriptbasicsWalkin Date : 25-11-2019 Walkin Address : 1st floor, Bidarkota apartment, Above Apollo Pharmacy, Shloka college Building, Sr Nagar, HyderabadFull Time"
"Job SummaryShould have good knowledge of the Java/J2EE based development. Very strong in Java programming languageResponsibilities and Duties- Design, development of custom solutions for our client on Java and related technologies.- Learning new tools needed for the project- Follow best practices in software development and testing- Needs to have excellent debugging skills in Java, Spring, Angular JS, Javascript and related technologies- Needs to have excellent verbal and written communication skills- Needs to be a team player with a positive attitude and with a passion for continuous improvement in technical competencies, communication and productivityRequired Experience, Skills and QualificationsCandidate should have good knowledge of the followingsLanguages and platforms: Java, J2EE, Spring ,MySQL, Rest based web-applications, HTML, CSS, automated and functional testing.Job Type: Full-timeEducation:Bachelor's (Preferred)Industry:Software Development"
"Fresher Candidate required who is Dedicated to WORK & having Positive attitude to do WORK and good Knowledge over Design, build, and maintain high performance, reusable, and reliable Java code and advance coding concept in OOPs, Translate designs and wireframes into high quality code , good knowledge of SDLC process. The candidate will be involved in client interactions; along with technical expertise the candidate should have good communication and analytical Skills.

Salary :As per the Industry Norms.

**Training / internship period is not considered as experience"
"Wanted: Fresher
Position: Java Developer
Qualification: BE,Bsc,BCA,Msc.MCA
Keyskill: Core java, J2ee, jdbc,servlet, mysql,structs,spring,Hibernate
Openings: 5
Location: Coimbatore"
"Required Experience and QualificationsWe are hiring experienced/fresher Java and Angular Developers with 0 to 2 years of field experience.Requirement for AngularSound knowledge of Angular 6 and above, Bootstrap/CLI practices.Creating custom, general use modules and components which extend the elements and modules of core AngularJS /CLI.Experience with all levels of operation available to the front-end, such as form creating XHRs in vanilla JS to using a custom wrapper around resource.Knowledge on Google API like MAP, Geolocation etc.Knowledge of Rest APIs and middleware.*Requirement for Java*Java (version 8), JSP/Servlets, JDBC.Knowledge of Spring (MVC, Security, AOP) and Hibernate framework.Knowledge in the development of Web Services (REST/SOAP)Continuous Integration tools (Jenkins CI or similar).knowledge of NoSQL database and flat file processing concepts.Working experience on the latest web frameworks / JS libraries would be added advantage.Thanking YouShrutika DulePlusNeed Solutions Pvt Ltd.Job Type: Full-timeSalary: ₹8,000.00 to ₹15,000.00 /monthIndustry:IT Operations & Helpdesk"
"Job SummarySymphonize Enterprise Solutions Pvt. Ltd is a US based software development organization and we in look out for IT freshers for Trainee Developer position. The position involves 4 month full stack developer training where the candidates would be trained on HTML, CSS, Bootstrap, Angular front end technologies, SQL Database programming, QA & end-to-end testing and Java/Python back end technologies Free of cost along with real time live project experience and training on soft skills making the candidatures professionally industry ready. Post successful completion of training Placement is provided.Responsibilities and DutiesSoftware development on HTML, CSS, Bootstrap, Angular front end technologies, SQL Database programming, QA & end-to-end testing and Java/Python back end technologiesRequired Experience, Skills and QualificationsIT freshers (B. Tech {all streams}, B. Sc Computers, MCA, BCA & B.Com computers) 2018 and 2019 passed outBenefitsFull Stack Software development training Free of costJob Type: Full-timeEducation:Bachelor's (Required)Location:Vijayawada, Andhra Pradesh (Required)Language:English/Telugu/Hindi (Preferred)Industry:Software Development"
"Job SummaryHow do you shape the future Smart Buildings? We’re looking for the makers of tomorrow, the talented individuals ready to help Siemens transform entire industries, cities and even countries. Get to know us from the inside, develop your skills on the job and work at the cutting edge of Digital Process Industries. In India, we have offices in PuneResponsibilities and DutiesWe make real what matters.We are loking for candidates with Java, J2EE, Spring Framework, MySQL, HTML, CSS, Javascript, Maven, Git, AngularJsOptional Keywords: Jenkins, Linux, Kafka, Consul, Nginx, GroovyYou should have Good Analytics and problem-solving skills.You should have Excellent communication skills, verbally and in writingYou should have to Focus on code quality.Required Experience and QualificationsRequired (Mandatory):1. Overall experience of 0-2 years in Java/J2EE developement2. At least 2 year development experience in Spring Framework/Spring Boot3. Experience in developing REST service4. Experience with JDBC and object-relational mapping (ideally MySQL)5. Experience with frontend technologies viz. HTML5, CSS3, Javascript6. Experience with Maven, GitLab.7. Knowledge of AngularjsBenefitsOptional(Preferred): 1. Basic knowledge of linux commands2. Scripting Knowledge in Groovy2. Knowledge of Jenkins3. Knowledge of Consul, Nginx4. Basic understanding of Microservices5. Knowledge of Queue/Messaging system, preferably Kafka.Job Type: Full-timeSalary: ₹18,000.00 to ₹25,000.00 /yearExperience:.Net: 1 year (Preferred)total work: 1 year (Preferred)Java: 1 year (Preferred)c#: 1 year (Preferred)Education:Secondary(10th Pass) (Preferred)"
"We are looking for a Java Developer with experience in building high-performing, scalable, enterprise-grade applications.
Contribute in all phases of the development lifecycle
Write well designed, testable, efficient code
Ensure designs are in compliance with specifications
Prepare and produce releases of software components
Support continuous improvement by investigating alternatives and technologies and presenting these for architectural review"
"Job SummaryMobile Developer for Mobile App Development (Product Based)Responsibilities and DutiesMobile Application Development (Android)React Native is preferableRequired Experience and QualificationsStrong fundamental / concept on Java, OOPSKnowledge of Android App development life cycleStrong knowledge of Android SDK, different versions of AndroidStrong knowledge of Android UI design principles, patterns, and best practices, XML, android layoutsUnderstanding of Google’s Android design principles and interface guidelines; Understanding of MVVM pattern, live data, data bindingDetailed understanding of Activity /fragment life cycles and call backsExperience with offline storage, Async tasks, background services, local notificationsKnowledge of the open-source Android ecosystem and the libraries available for common tasks (Okhttp, retrofit, rxandroid, butter knife, app compact, Android X library)Understand JSON, XML structure, REST API HandlingFamiliarity with RESTful APIs to connect Android applications to back-end servicesFamiliarity with fire-base cloud message APIs and push notificationsProficient understanding of code versioning tools, such as GitStrong at debugging (Android studio debugger, stack trace analysis)Knowledge of HTML, CSS, Jscript, Bootstrap, Response Web DesignKnowledge of Hybrid App Development using Ionic, Cordova or another platform will be a plusJob Type: FresherSalary: ₹8,000.00 to ₹12,000.00 /monthEducation:Bachelor's (Required)Location:Noida, Uttar Pradesh (Required)Selection rounds:Written testHR InterviewTechnical InterviewIndustry:Software Development"
"Job SummaryWe are looking for passionate Java Engineers for Bhopal Office. (Experienced or Fresher)Responsibilities and DutiesDesign, build and maintain high performance, reusable, and reliable Java codeHelp maintain code quality, organization, & automatization.Experience using Oracle databaseSpring framework (Spring batch, Spring boot, Spring Core, Spring Data, Spring MVC), Spring Boot.Should have sound knowledge of Maven, Spring Boot, Hibernate, MongoDB, Java FX, Java Swing, SQLite, Javascript,Core javaRequired Experience, Skills and QualificationsQualification BE / B.TechFreshers or experienced both can applyJob Type: Full-timeSalary: ₹7,000.00 to ₹25,000.00 /monthExperience:Java: 1 year (Preferred)advance java: 1 year (Preferred)Education:Bachelor's (Required)Location:Bhopal, Madhya Pradesh (Required)Language:English (Required)"
"Position title: Java developer
Department: Software Development
No of positions: 2
Class: Full time
Job location: Coimbatore
A division of Integra Corp, USA and Integra Ltd, UK
What we are looking for?
Hands on core java & OOPS concepts. (Knowledge of Spring is an additional advantage)
Well acquainted with advance java, JSP, Servlets & JavaScript
Good knowledge of database & data structure concepts.
Contributing in all phases of the development lifecycle
Writing well designed, testable, efficient code
Excellent knowledge of Java/J2EE, Struts, Spring Hibernate
Good understanding of Unit testing framework
Using SQL and relational databases like MySQL, Oracle, SQLServer
Experience with web application development (HTML5, JavaScript, CSS, nodejs, Angular and bootstrap)
Object Oriented analysis and design using common design patterns
What can you expect from Integra?
Excellent pay
Opportunity to work with international clients
World class training on multiple skills
Planned career growth
How could you impress us?
Through your previous experience
Sound programming principles
Good written English
Enthusiasm and positive attitude
Willingness to learn and adapt
Why you should join Integra?
Excellent working atmosphere
Salary and bonus always paid on-time
You work for a US corporation (and a UK company)
You work for a company that has continuously grown for past 14 years
Very supportive senior management
Walk-in interview offered at our office at
Integra Global Solutions Corp
No.1, Palsun Towers, 1st Street, Behind of KVB Bank
Tatabad, Sivananda Colony, Coimbatore-641012."
"Only for fresher
Sound Knowledge of PHP
Strong OOPS Concepts
Core Java, Advanced Java, JSP, JQuery
Basic Knowledge of My SQL database
Basic knowledge of HTML, CSS"
"We are looking for a candidate for the Content Developer role. The candidate will be required to develop rich content to be deployed in our web applications using CMS platforms or using our In-house developed tools.

Skill/Qualification requirement:
Knowledge of HTML/HTML5 and CSS/CSS3 is essential
Knowledge/Experience in JavaScript and JQuery is added advantage
Knowledge of Photoshop will be preferred
Should be trained and have hands on experience in developing rich content for websites.

Pre-requisites:
Graduates with good academic record.
Good communication skills
Good analytical and problem solving skills
Able to work independently

-
Dot Net Developer(Fresher)
Content Moderation Associate
System Administrator
Salesforce Developer
Senior Informatica Developer
Software Engineer Trainee
Content Developer (Fresher)
Android Developer
Dot Net Developer
Java Developer
Data Acquisition Executive (Only for Fresher’s)
Front End Developer
CMS (Drupal/WordPress/Joomla/Magento) Developer
iOS Developer
UI designer"
"Job SummaryGreetings from shell pro tech......!!!!We are hiring for freshers who are having good programming knowledge and good good communication skills and good logical thinking ability.Candidate should any programming knowledge like C,Java..ete..who are interested they can apply.all the best,thank youJob Types: Full-time, Fresher, Walk-InSalary: ₹12,000.00 to ₹15,000.00 /monthIndustry:IT Operations & Helpdesk"
"Job SummaryCoding for Java based Web Application and application components.Work to Code efficiently according to Company guidelines.Responsibilities and DutiesStrong understanding of object-oriented software design, and how to Code using the best practices. Familiar with statelessness of the web, session coherency issues, scalability of dynamic Web applications and servers, and Web security.We require highly skilled and articulate Java Developers who would beJava CodingSQL Formation and Performance EvaluationIntroduction of new features and value addsKey Skills0 to1+ years of software development experience, with an emphasis on server-side Technologies like, Java, scripting languages like PHP, SQL databases (MySQL, PostgreSQL), and web application servers (e.g., JBoss, Jakarta-Tomcat, etc.). A good understanding of UNIX including Linux is highly desirable.Required Experience and QualificationsB.E./B. Tech/B. Sc.-Computer Science, IT or demonstrated equivalent experience.Master's will be an added advantage.Java Certification with thorough theoretical knowledge on.Minimum 60% marks throughout education and from CBSE/ICSE board onlyJob Types: Full-time, FresherSalary: ₹200,000.00 to ₹325,000.00 /yearEducation:Bachelor's (Required)Location:Delhi, Delhi (Required)Selection rounds:Written testHR InterviewTechnical InterviewIndustry:Software Development"
"Frontend Developer - Web/Mobile Applications - Java/JavaScriptJob Responsibilities : - Collaborate with Project Manager or Project Consultant to develop the front end of mobile and web application- Delivering a complete front-end application- Ensuring high performance on mobile and desktop- Migrating to existing Web Applications to new latest technologies to improve performances- Writing tested, idiomatic, and documented JavaScript, HTML and CSS- Coordinating the workflow between the graphic designer, the HTML coder, and yourself- Cooperating with the back-end developer in the process of building the RESTful API- Collaborate with the stakeholders, the users, the build team and other development partners to implement state-of-the-art user experiences.- Collaborate with cross-functional teams to analyze, design, and ship new features- Participate actively in discussions, presentations and decisions about front end development, web application, mobile app, etc.- Implement new technologies to maximize application performance- Work with outside data sources and APIs- Work on bug fixing and improving application performance- Individual ContributorRequired Candidate profile- Strong object-oriented JavaScript- Flat box, material design concepts- AngularJS, MVC frameworks - Angular- CSS precompilers like Sass and LESS- Skills in one or more chosen frameworkslibraries like jQuery or Bootstrap- AJAX (Asynchronous JavaScript and XML)- HTML 5, CSS Modules, Web pack, Babel, npm- jQuery, jQueryUI, RequireJS, doT.js (Templating Engine)- Able to integrate existing API (REST)- Understanding of java web application technology stack (core Java, spring core, Spring MVC, Hibernate, REST)- GitGitHub, Continuous integration using maven & Jenkins- Integrate applications with network systems, servers and databases.- Troubleshoot problems with application development and use- Excellent conceptual, and critical thinking capabilities- Self-directed and self-motivated with the ability to take charge or play a supporting role- Strong understanding of product development.Job Type: Full-timeSalary: ₹5,000.00 to ₹15,000.00 /monthIndustry:Education & Instruction"
"Required Skills Java / JSP / PHP / Python / R / .NET Technologies


Good multi-tasking skills and the ability to work in a fast paced business environment


Exposure to all stages of Software Development Life Cycle


Demonstrate knowledge of current web design trends, philosophies and ideas


Understanding of HTML, CSS, and JavaScript
 

Freshers B.Tech(Computers) or MCA or MSC (CS) from reputed institutes can apply

Location: Kannur"
"Job SummaryResponsibilities:Designing, building and maintaining reliable and reusable Java code.Making sure the applications perform to a high level and are responsive.Work closely with the software and system engineering associates on our teamResponsible for all aspects of the continuous integration and continuous delivery processFlexible and willing to accept a change in priorities as necessary.Technical Skills:Hands on experience in Java, J2EE, JSP, Servlet, JQuery, JavaScript, HTML, CSS, MySQL databaseHave excellent knowledge in OOP (Object Oriented Programming)Qualification: BE/Btech/MCA/BCAJob Types: Internship, FresherSelection rounds:HR InterviewTechnical InterviewIndustry:Software Development"
"Job Profile
Java Developer Jobs In Baner, Pune
Job Type
Skilled Job
Contact Person
Karan
Qualification
Graduation
Gender
both
Salary
INR 18000-30000
Address
Baner Road, Laxman Nagar, Baner, Pune, Maharashtra, India
City
Pune
Country
India
Preferred Location
Baner Road, Laxman Nagar, Baner, Pune, Maharashtra, India
Industry
Banking / Finance / Insurance
Job Description
CALL Shivam 9667260430
We are currently hiring for the position of Java Developer.
Job Position- Java Fresher | Java Developer | Java Software Developer
Eligibility- BE/BTech/MCA/MTech/ME /MSC
Any YOP
ANY % criteria
Any Stream

CALL Karan 7065565935
RoleFresher
Industry TypeIT-Software / Software Services
Functional AreaIT Software - Application Programming, Maintenance
Employment TypeFull Time, Permanent"
"We are a team of multi-skilled and curious digital specialists who are always up for a challenge and learning as fast as. We are looking for proactive Java Developer for long time cooperation with good opportunities of growth to Team Lead, Architect or Project Manager.
Experience
[0-4 Years]
Percentage
70% (Min) only for freshers
Positions
5 [Full Time]
REQUIREMENTS
Good Communication Skills
Should have Knowledge on Java (Web & Desktop) Application Development.
Basics j2ee, jsp, SQL
Must and should 2 skills(Spring MVC, Hibernate, Struts 2, JSF, Google Web Toolkit, Vaadin, Stripes, OpenXava, ...)
Good Logical & Analytical skills
Expert of Java, OOP patterns
Architecture of high loaded Java applications
location
Tirupathi (Andhra Pradesh)
Salary
As per company norms.
Mail Id
hr@ymtsindia.com"
"Job SummaryWe are looking for an Application Developer who possesses a passion for pushing mobile technologies to the limits. This App developer will work with our team of talented engineers to design and build the next generation of our mobile applications. Android programming works closely with other app development and technical teams.Responsibilities and DutiesDesign and build advanced applications for the Android platformCollaborate with cross-functional teams to define, design, and ship new featuresWork with outside data sources and APIsUnit-test code for robustness, including edge cases, usability, and general reliabilityWork on bug fixing and improving application performanceContinuously discover, evaluate, and implement new technologies to maximize development efficiency.Key SkillsJava, C#, Objective C, Swift, kotlinRequired Experience and QualificationsBS/MS degree in Computer Science, Engineering or a related subjectProven software development experience and Android/iOS skills developmentProven working experience in Android app developmentHave published at least one original Android appExperience with Android SDKExperience working with remote data via REST and JSONExperience with third-party libraries and APIsWorking knowledge of the general mobile landscape, architectures, trends, and emerging technologiesSolid understanding of the full mobile development life cycle.Job Types: Full-time, FresherExperience:work: 1 year (Preferred)total work: 1 year (Preferred)Education:Bachelor's (Preferred)Industry:Software Development"
